,Dst Port,Protocol,Flow Duration,Tot Fwd Pkts,Tot Bwd Pkts,TotLen Fwd Pkts,TotLen Bwd Pkts,Fwd Pkt Len Max,Fwd Pkt Len Min,Fwd Pkt Len Mean,Fwd Pkt Len Std,Bwd Pkt Len Max,Bwd Pkt Len Min,Bwd Pkt Len Mean,Bwd Pkt Len Std,Flow Byts/s,Flow Pkts/s,Flow IAT Mean,Flow IAT Std,Flow IAT Max,Flow IAT Min,Fwd IAT Tot,Fwd IAT Mean,Fwd IAT Std,Fwd IAT Max,Fwd IAT Min,Bwd IAT Tot,Bwd IAT Mean,Bwd IAT Std,Bwd IAT Max,Bwd IAT Min,Fwd PSH Flags,Fwd Header Len,Bwd Header Len,Fwd Pkts/s,Bwd Pkts/s,Pkt Len Min,Pkt Len Max,Pkt Len Mean,Pkt Len Std,Pkt Len Var,FIN Flag Cnt,SYN Flag Cnt,RST Flag Cnt,PSH Flag Cnt,ACK Flag Cnt,URG Flag Cnt,ECE Flag Cnt,Down/Up Ratio,Pkt Size Avg,Fwd Seg Size Avg,Bwd Seg Size Avg,Subflow Fwd Pkts,Subflow Fwd Byts,Subflow Bwd Pkts,Subflow Bwd Byts,Init Fwd Win Byts,Init Bwd Win Byts,Fwd Act Data Pkts,Fwd Seg Size Min,Active Mean,Active Std,Active Max,Active Min,Idle Mean,Idle Std,Idle Max,Idle Min
Dst Port,1.0,-0.2005771143291653,-0.11887487809935507,-0.03946537881619516,-0.024827617922365926,-0.012379340173428408,-0.011977457098653646,-0.2056922601949554,-0.17672559015489403,-0.24190008781718791,-0.17946383326831275,-0.25105963244767493,-0.1907750099720008,-0.2280389789725629,-0.21565727920284153,0.10806840886313011,0.16935804253154307,-0.05777518005802846,-0.08156473820903325,-0.09650547591355912,-0.04711481969376457,-0.11512931939406634,-0.0654182467955034,-0.07955136823628878,-0.09145684215362714,-0.048592984748243896,-0.10135676375127173,-0.079244533300041,-0.08967835565224519,-0.08510017930847341,-0.01707136392742963,0.1567960693037411,-0.04359462474648993,-0.03017400845764434,0.23496312487835325,-0.026857342235562996,-0.18573422659584746,-0.24332451048933307,-0.2251583717776527,-0.23011145837886973,-0.09191739018333049,0.0899875614369107,0.1567960693037411,-0.03873732459310385,-0.3113694736171919,0.5780621439309294,0.4131586011774627,-0.03874746002570078,-0.14829436633898896,-0.24733891534328017,-0.24190008781718791,-0.2280389789725629,-0.03946537881619516,-0.012379340173428408,-0.024827617922365926,-0.011977457098653646,-0.10593277992144316,-0.0395936198575334,-0.19172567721841202,0.0279636554085274,-0.012228276359618345,-0.037797085393640135,-0.029435565968483318,-0.004631632955966746,-0.06427911780987154,-0.01004503050366086,-0.063002293235595,-0.06335790273738684
Protocol,-0.2005771143291653,1.0,-0.24882442904965385,-0.07297814110373145,-0.03672661558861638,-0.02135286390191761,-0.0183191291367298,-0.32884241730817937,0.8443973972402462,-0.06555875419025457,-0.39052493122037596,-0.3419513351930809,0.8497743706586434,-0.04719687218895183,-0.3963087539159326,-0.013978288112473421,-0.11283438077160902,-0.18179738561462314,-0.13635595701074482,-0.22226156956828286,-0.1635687240686361,-0.24293877116254697,-0.19172502058082097,-0.13326213213321186,-0.21537329474580133,-0.1641498656152537,-0.16094793642069583,-0.12392244946068964,-0.1426449494710259,-0.13692747098028243,-0.026412930796575307,-0.10103080387925928,-0.08295706309796179,-0.048380916754049055,-0.09899971564066581,-0.09698699345842798,0.8691550256423565,-0.3421078030414937,-0.08090761926110766,-0.306620529947517,-0.16103389655873332,-0.03573218669418703,-0.10103080387925928,-0.12796182632218064,-0.5394476752787799,-0.31198870158874,-0.14243887458131693,-0.12795978988375875,0.38591512551459484,0.013981586044626551,-0.06555875419025457,-0.04719687218895184,-0.07297814110373145,-0.02135286390191761,-0.03672661558861638,-0.0183191291367298,-0.3799219887142901,-0.2151699187437718,-0.3136127218414814,-0.6762449463094686,-0.05426450481505689,-0.06460070214741379,-0.07503076236873564,-0.04222528267209786,-0.18687839091987293,-0.03581295886449424,-0.18603898845593722,-0.18429110124837716
Flow Duration,-0.11887487809935507,-0.24882442904965385,1.0,0.11357215589558842,0.0929170418502736,0.01400627805907618,0.07723535149564809,0.14186614506394657,-0.1697470022742626,0.017326311420770013,0.15143471538577224,0.2835964308192413,-0.18151874074895785,0.31006774172691326,0.3045631207275241,-0.0265086496903581,-0.07958637181875884,0.47602220558163066,0.5956095391479489,0.7489005891309628,0.39646124714274894,0.9931310858630754,0.5376914073032366,0.6259953785478702,0.7443998198513274,0.40548348900489783,0.8434257863972762,0.5511468321508115,0.6319378427240149,0.6286570343409339,0.10187595999520557,-0.009250184149508522,0.09222629453153364,0.09466358956967025,-0.06933196210918374,-0.06939941190337247,-0.1737969511600018,0.2877503785062839,0.30144058821837694,0.3389394962766128,0.2390963847073341,-0.023766819959466664,-0.009250184149508522,-0.056454457228991305,0.13863169238891931,-0.029109923215921815,-0.09126460807368186,-0.05645337041620663,-0.08218499013688259,0.27230039787001165,0.017326311420770013,0.31006774172691326,0.11357215589558842,0.01400627805907618,0.0929170418502736,0.07723535149564809,-0.03887072015769801,-0.07264971097669672,0.24941305757286308,-0.06372306005042273,0.16528698377656617,0.3243216829026219,0.30368982630194347,0.10255940545212472,0.7227790050585617,0.1708791387834778,0.7230192592972404,0.7066618324334553
Tot Fwd Pkts,-0.03946537881619516,-0.07297814110373145,0.11357215589558842,1.0,0.8913396167016007,0.05277585757228324,0.8839614441201828,0.14427265337033154,-0.0652292209271226,0.06547228445131638,0.09917474163066718,0.16298094952318834,-0.05154122298130992,0.24568016353847905,0.10183940094639074,-0.006604911109571983,-0.02685459398925647,-0.01877503157944474,0.028806353362162737,0.0514911608157228,-0.021489890082122882,0.10742140455007526,-0.014360025799050637,0.04034104102123634,0.04023423721439608,-0.02168685352730921,0.13986189089581313,0.023989085026791274,0.04511816684847828,0.10841500879301309,-0.00348063097417699,0.02723389785414942,0.9861976873354227,0.8937321857392104,-0.0226344610013409,-0.024934538011076385,-0.06674656101383103,0.1651594869476901,0.27068264618354837,0.18307698805207615,0.13751580741851555,-0.007885324262225404,0.02723389785414942,0.007286183361672879,0.10384349297299421,-0.041774367226150466,-0.034306442789678294,0.007287088095213951,0.029482329594492776,0.2547399118668035,0.06547228445131638,0.24568016353847894,1.0,0.05277585757228324,0.8913396167016007,0.8839614441201828,0.0733123232447206,0.011859570833518114,0.25078542384143626,0.07248122346518046,0.08970533063211422,0.09815103282911032,0.12296131588238618,0.07049927739159345,0.07345375674201983,0.03640867266468124,0.07527737651668454,0.0693517967636253
Tot Bwd Pkts,-0.024827617922365926,-0.03672661558861638,0.0929170418502736,0.8913396167016007,1.0,0.05475163004917907,0.9973538585711765,0.0826805155093441,-0.03367412416130008,0.02771117404893277,0.04912968971247574,0.10453624516905712,-0.01975943752925406,0.23422661252267132,0.04900534161636445,-0.003793940255386638,-0.015057264301955468,-0.014331728766397893,0.014438858873167322,0.05047393949104961,-0.015091022641647394,0.08287350454195254,-0.012104249772380319,0.022530468367617434,0.031733895191724974,-0.015177201153750921,0.11498014873770361,0.00826890069829613,0.025174112655552534,0.09993411432124377,-0.0024749845553435996,0.030256823201864375,0.8938447517069309,0.9992958521850474,-0.013412167026189931,-0.012541063339033503,-0.03437848649052484,0.1083722863339977,0.27185056929351675,0.1338550109659709,0.11984307476853032,-0.004519822361507135,0.030256823201864375,-0.0024321592560875146,0.052809309190706005,-0.01908173888983781,-0.017540364824003705,-0.0024316588649306537,0.1314247490210159,0.25914956560880703,0.02771117404893277,0.2342266125226713,0.8913396167016007,0.05475163004917907,1.0,0.9973538585711765,0.02928026438823602,-0.0010922135444319065,0.17247544973244716,0.03172240981747322,0.09492743931234517,0.08690370818680247,0.12073911992361573,0.07819859087752082,0.06894035438409232,0.030587694183163615,0.07027140955749925,0.06566807882520358
TotLen Fwd Pkts,-0.012379340173428408,-0.02135286390191761,0.01400627805907618,0.05277585757228324,0.05475163004917907,1.0,0.016587165687655885,0.32928251430532585,-0.017874715252148968,0.3563371751538032,0.2550591453356624,0.05191560360042666,-0.019079131859136435,0.03260598836492569,0.039928429850179754,0.005342265862643936,-0.008929676902596086,-0.007700646771351163,0.00805974615916863,0.005239868118168474,-0.008306682884856392,0.014104160574681925,-0.006539203131518129,0.01210399681781187,0.005713022208216725,-0.00843422943967886,0.018808893006913026,0.004655306383116065,0.010674466142824806,0.014299134321595791,-0.0015005688007326623,-0.0032536173798372627,0.048530586171236186,0.06211424565012156,-0.0077664866099750205,-0.007811912400982347,-0.019451899488610334,0.20631152181573625,0.0806190125240326,0.11867038735090585,0.6819269159371529,-0.002760788400442814,-0.0032536173798372627,0.01119703380433075,0.038984515168838094,-0.02067476841254413,-0.010950834901443914,0.011197492615751434,0.0018402432306826846,0.07657593123288774,0.3563371751538032,0.032605988364925696,0.05277585757228324,1.0,0.054751630049179066,0.016587165687655885,0.030504175384800332,0.01680455560054926,0.29145446736449754,0.024543953345886427,0.011912826948164403,0.016410837710441422,0.017980752432229935,0.008812691505954507,0.006891526152291595,0.005553765793110382,0.007279649091244607,0.006271805436479989
TotLen Bwd Pkts,-0.011977457098653646,-0.0183191291367298,0.07723535149564809,0.8839614441201828,0.9973538585711765,0.016587165687655885,1.0,0.030802683852962438,-0.01671313131822234,-0.01059564985689664,0.007470551855489956,0.06314472862136923,-0.002955650150608056,0.2144267497877553,0.015558935429537457,-0.0015585380672396313,-0.007224136028418335,-0.0069697106988772005,0.006123633758263269,0.047662625294061844,-0.006681923865718545,0.06711217383176349,-0.0063084290428872085,0.011837904743219293,0.028594957620183426,-0.006810794626087332,0.0922234583520025,-0.0019365517973933483,0.010950394144103454,0.08414042840387444,-0.0019341537471807414,0.03627671716128606,0.8849444799972762,0.9945976192726853,-0.006299693678631735,-0.006286756472371841,-0.017043738052904323,0.06196375570152058,0.24641966941038076,0.09795018931706832,0.08313346288896895,-0.0021897925760420702,0.03627671716128606,-0.005571003314146679,0.01691141712433985,0.0012593116464923314,-0.008729075332044754,-0.005570846044572316,0.12312562557541681,0.23629080530176333,-0.01059564985689664,0.21442674978775525,0.8839614441201828,0.016587165687655885,0.9973538585711762,1.0,-0.00032453183472339666,-0.005508571885133515,0.11000856878435915,0.0047042947992077125,0.08688947755475913,0.0745694600462256,0.10807927994108944,0.07256364085240295,0.06065487125353216,0.02539052586147416,0.061679573987218114,0.05801595006570666
Fwd Pkt Len Max,-0.2056922601949554,-0.32884241730817937,0.14186614506394657,0.14427265337033154,0.0826805155093441,0.32928251430532585,0.030802683852962438,1.0,-0.28301361071898257,0.8500060406489408,0.9480792424992502,0.8295048086636367,-0.29739302118844846,0.44927493892460996,0.7489477681722099,-0.03331440767682162,-0.15212545993554444,-0.13008324300754684,0.11739764688664397,0.019714948142550252,-0.14282612104151612,0.1433603369135879,-0.1094489242952356,0.16770734299153914,0.02699189767471351,-0.145023300312647,0.21751750491472643,0.10735871936653021,0.15754745930966804,0.15122075818112946,-0.022238800593316104,-0.09641288178953074,0.1629800379305429,0.10563777649024203,-0.1315421846805286,-0.13461499176174488,-0.29232578751227845,0.8813962813364408,0.5508142359832091,0.7535293208715614,0.553276983096174,-0.04763408550204137,-0.09641288178953074,0.34439319655379336,0.6599784969260755,-0.38568466490995107,-0.18923160939305814,0.3444032753173445,-0.14659331588613272,0.5205422533072755,0.8500060406489408,0.44927493892460996,0.14427265337033154,0.3292825143053259,0.0826805155093441,0.030802683852962445,0.4116053491189261,0.5032681313113063,0.7608473205790885,0.3322942308280939,0.06829016358423443,0.10279497499849904,0.11017423870338042,0.049824998562590615,0.043994570565415156,0.03720546767431493,0.04628368254645209,0.038604086373257
Fwd Pkt Len Min,-0.17672559015489403,0.8443973972402462,-0.1697470022742626,-0.0652292209271226,-0.03367412416130008,-0.017874715252148968,-0.01671313131822234,-0.28301361071898257,1.0,0.03352636225239951,-0.35515212824695647,-0.3099063017070128,0.7948228164602148,-0.036979596334287414,-0.36130115938334806,0.017442206349695503,-0.0924423808535691,-0.07992560318806761,-0.11389768575578955,-0.13832591092875376,-0.06530239376451528,-0.16414492214175577,-0.08898712367015467,-0.11444719489214095,-0.1311491815200185,-0.06521189525387198,-0.144837323644209,-0.10709213503738413,-0.1298125327710982,-0.12300379262576269,-0.01674449553878283,-0.06910659367088842,-0.07558795126681497,-0.04417070658168946,-0.08570121475613476,-0.07028909165057018,0.977788096725857,-0.30569924788586905,-0.0353223407120684,-0.282583085662862,-0.1461998940956515,-0.03260379583348402,-0.06910659367088842,-0.1167586326466497,-0.49221845889710414,-0.2734203080177759,-0.12370518985167311,-0.11675677450057263,0.32888134398785196,0.06691292845303133,0.03352636225239951,-0.03697959633428741,-0.0652292209271226,-0.017874715252148968,-0.03367412416130008,-0.01671313131822234,-0.3459109445485601,-0.1962618243849544,-0.2854248010915631,-0.6252142137188851,-0.04445958623712337,-0.055067454146771284,-0.06306588513113066,-0.034280515710560636,-0.08710331578347338,-0.02634287287674675,-0.08751420392060799,-0.08437264437833275
Fwd Pkt Len Mean,-0.24190008781718791,-0.06555875419025457,0.017326311420770013,0.06547228445131638,0.02771117404893277,0.3563371751538032,-0.01059564985689664,0.8500060406489408,0.03352636225239951,1.0,0.8799688089911103,0.6816965936655719,-0.04898693130712632,0.43068982875049083,0.6371985570165807,-0.010728328742955498,-0.17748814129789017,-0.15986243274219822,0.08979496786488829,-0.011403333832942517,-0.16567548837670554,0.018695126648074857,-0.14645314944831217,0.1422636017480951,-0.003994410398567796,-0.16722422243232785,0.0727941606526104,0.031418369930135026,0.08791224855183505,0.08339286295822396,-0.01679580190056476,-0.0627271992420516,0.07253669754946283,0.039781785450124625,-0.15279660192557365,-0.15840900799932317,0.014426677774658342,0.7445360442524086,0.5575171855670288,0.6660605310852813,0.5194666889062962,-0.05879717583914961,-0.0627271992420516,0.338727076293444,0.48782896084189475,-0.44742421858632564,-0.23095889326566127,0.3387382822502138,-0.059734040881429015,0.5682396873592959,1.0,0.43068982875049083,0.06547228445131638,0.3563371751538032,0.027711174048932766,-0.010595649856896646,0.21561903665452195,0.5093242442029453,0.5118408964810388,0.052882174980967867,0.0629704406939377,0.06156118956872777,0.07870011913384416,0.05155233231562875,-0.008364213715016926,0.03165134631603265,-0.004913774953700743,-0.0120211993512911
Fwd Pkt Len Std,-0.17946383326831275,-0.39052493122037596,0.15143471538577224,0.09917474163066718,0.04912968971247574,0.2550591453356624,0.007470551855489956,0.9480792424992502,-0.35515212824695647,0.8799688089911103,1.0,0.8232590833876152,-0.3554120500564325,0.4760123224756222,0.8005835788256087,-0.024149375528165134,-0.14272551053312899,-0.1230135441056242,0.14816607191594858,0.04413816482890009,-0.13902183593350492,0.1501983127139074,-0.1012063474348139,0.1971562727960102,0.04791859848329305,-0.1410657359701925,0.21542890614024598,0.12117150600346009,0.17432408580344017,0.15678389597967088,-0.017598436978926643,-0.06785618280746852,0.1083634059410571,0.06479549421902912,-0.12165051512250477,-0.12981783227325858,-0.3628699703974847,0.8686122089331219,0.5730033387335167,0.7923495570021035,0.5368291103906331,-0.045672171920738656,-0.06785618280746852,0.39008177898547464,0.6853330119254886,-0.35275591945665563,-0.1817439386437665,0.39009229950461133,-0.17505455061140646,0.5423461023311241,0.8799688089911103,0.4760123224756223,0.09917474163066718,0.2550591453356624,0.04912968971247574,0.007470551855489956,0.3368416003119535,0.5854148170876295,0.6007724126732275,0.2841904338044028,0.07715325491012821,0.10959641598386972,0.12200761489569259,0.05776712230711484,0.04364046778455346,0.036662996125826394,0.04594428330515495,0.03862417078535528
Bwd Pkt Len Max,-0.25105963244767493,-0.3419513351930809,0.2835964308192413,0.16298094952318834,0.10453624516905712,0.05191560360042666,0.06314472862136923,0.8295048086636367,-0.3099063017070128,0.6816965936655719,0.8232590833876152,1.0,-0.2892988058808598,0.7191121266545905,0.9643547940893492,-0.04810274130678849,-0.1735272845698172,-0.13775658313314137,0.24547573054699165,0.13281796557841002,-0.16153825297344346,0.2824658040857851,-0.10292980964192555,0.333395965883309,0.13742726258275656,-0.16410640747273908,0.3874554849421921,0.1936034145506444,0.35208600384877625,0.3504026510215237,-0.028006855453697986,-0.13984337015776993,0.17460253261350567,0.12239846260990361,-0.1516143021161086,-0.15042687103927938,-0.3157552046347143,0.9814899925940112,0.7388380557864953,0.9418337456663247,0.47706736357181245,-0.05294659841546254,-0.13984337015776993,0.3234047856074544,0.7312938902711565,-0.4509745067160823,-0.2110084827571678,0.3234151376191705,-0.09479019199082327,0.7084515222563769,0.6816965936655719,0.7191121266545905,0.16298094952318834,0.05191560360042666,0.10453624516905712,0.06314472862136923,0.36224774485881406,0.4878559841953781,0.6765318104026583,0.2824048980611619,0.09171169754855409,0.1527308028454306,0.14526086874825864,0.06157627197771073,0.18883652516259827,0.08474620500437431,0.19223585417260383,0.17953933303471148
Bwd Pkt Len Min,-0.1907750099720008,0.8497743706586434,-0.18151874074895785,-0.05154122298130992,-0.01975943752925406,-0.019079131859136435,-0.002955650150608056,-0.29739302118844846,0.7948228164602148,-0.04898693130712632,-0.3554120500564325,-0.2892988058808598,1.0,0.026949792446394158,-0.3615216658792545,-0.011793847147330666,-0.10403499635260512,-0.11410274890309734,-0.11178385747900307,-0.16054005236842342,-0.09927171970542895,-0.17593357637027274,-0.12259123456961742,-0.11050666594663047,-0.15363897755349504,-0.09911633786119534,-0.14403455225954082,-0.10839669875929173,-0.13045810278445802,-0.12317797985129815,-0.017414349362647828,-0.0782442293788308,-0.06288618600620297,-0.030503086045496706,-0.09145479163089952,-0.08907296960840001,0.8162201827306909,-0.29131983899169905,-0.0326830569000976,-0.24196071930448043,-0.14103534553874242,-0.032604932263104194,-0.0782442293788308,-0.11681436678852015,-0.4924534168851923,-0.27872035121162336,-0.13003023963093518,-0.11681250775547135,0.35904364338096856,0.06778995026945557,-0.048986931307126294,0.026949792446394137,-0.0515412229813099,-0.019079131859136435,-0.01975943752925406,-0.002955650150608054,-0.34656641443187836,-0.1962534569740942,-0.28830298686214556,-0.6284344094462603,-0.05011870166074949,-0.054987664829464156,-0.06745026886841408,-0.04019232519493255,-0.11387285707719064,-0.03612571493143228,-0.11483940913728237,-0.11046390306583326
Bwd Pkt Len Mean,-0.2280389789725629,-0.04719687218895183,0.31006774172691326,0.24568016353847905,0.23422661252267132,0.03260598836492569,0.2144267497877553,0.44927493892460996,-0.036979596334287414,0.43068982875049083,0.4760123224756222,0.7191121266545905,0.026949792446394158,1.0,0.7501194195477024,-0.036042472324856585,-0.14773999960061748,-0.11903749180806728,0.26071271140289615,0.209343270802125,-0.13827011666836553,0.30555856015399596,-0.08679938300070607,0.3689628059035579,0.2076963331789579,-0.1399807892334478,0.3885322144209788,0.11644454797527336,0.31723573847772574,0.3971848578059226,-0.025183250968025143,-0.10926275811634323,0.23181936143520449,0.23704825836820442,-0.1292935626397857,-0.12765294737494703,-0.036316368360386646,0.7039369449427061,0.9664011949564578,0.868022806081903,0.5705174607095784,-0.045335630601632454,-0.10926275811634323,0.13110764920600418,0.40321208816224374,-0.38103239233444397,-0.1806499224572722,0.1311144289156334,0.12034956707265988,0.9636370049785665,0.43068982875049083,1.0,0.24568016353847905,0.03260598836492569,0.2342266125226713,0.2144267497877553,0.06632091583584289,0.2162365004236432,0.343216283430961,-0.03532355235298317,0.12677835124983747,0.2091055834516844,0.2002760002801523,0.08569253861280388,0.24629447084661443,0.10836043714126191,0.25069988388875786,0.23524321807385615
Bwd Pkt Len Std,-0.21565727920284153,-0.3963087539159326,0.3045631207275241,0.10183940094639074,0.04900534161636445,0.039928429850179754,0.015558935429537457,0.7489477681722099,-0.36130115938334806,0.6371985570165807,0.8005835788256087,0.9643547940893492,-0.3615216658792545,0.7501194195477024,1.0,-0.04120875710945823,-0.1518010614762729,-0.11456842005057345,0.27859934595040897,0.1688095553478141,-0.1415311041516149,0.30222804577985146,-0.07825491336496303,0.36688200109626246,0.17123173318693943,-0.14379342667297978,0.3923701125341585,0.20557931236317833,0.37613487692938863,0.3627198039101776,-0.023062511987633212,-0.12428544568695371,0.1058201828315533,0.06145487986242381,-0.13275169404865586,-0.13135326670822509,-0.36886858153174085,0.9467571785776432,0.7447470728019757,0.9620781792568157,0.5144515728381098,-0.04638285985523049,-0.12428544568695371,0.3141897718030808,0.7265614377423728,-0.3948666320951884,-0.1847890304133823,0.31419928178959716,-0.13215904734512837,0.7119317420434256,0.6371985570165807,0.7501194195477024,0.10183940094639074,0.03992842985017976,0.04900534161636445,0.015558935429537457,0.2960629466070745,0.48865889995403766,0.5412243393879377,0.2547359146855654,0.08338569734632795,0.15364372068838053,0.14076433270905025,0.05321829777676177,0.20416212398810057,0.08830238498055001,0.2074861306386715,0.1945404390068316
Flow Byts/s,0.10806840886313011,-0.013978288112473421,-0.0265086496903581,-0.006604911109571983,-0.003793940255386638,0.005342265862643936,-0.0015585380672396313,-0.03331440767682162,0.017442206349695503,-0.010728328742955498,-0.024149375528165134,-0.04810274130678849,-0.011793847147330666,-0.036042472324856585,-0.04120875710945823,1.0,0.4162537928334487,-0.016580374175073,-0.018493495086643805,-0.024032081666654694,-0.014063394607773744,-0.025699933505378348,-0.018066264261918714,-0.01778923475516085,-0.0230473047716525,-0.014343704431063075,-0.02074654718442459,-0.016986519250717508,-0.018843961999626953,-0.017989424844551634,-0.004264054483718543,0.24759633052762187,-0.007405613341553784,-0.0047984874587903275,0.473965065245619,0.14068656015412087,-0.008894985181112591,-0.04156497110962915,-0.022306284466217616,-0.034091203590610276,-0.013387228865109025,-0.0046058204545428435,0.24759633052762187,-0.016432897466372907,-0.05472074230691166,0.08258179629491205,-0.018121161297435632,-0.016432633743965298,-0.0083348971361094,-0.017662303718189148,-0.010728328742955501,-0.03604247232485659,-0.006604911109571983,0.005342265862643937,-0.003793940255386638,-0.0015585380672396311,-0.037945013280210466,-0.027219200779520517,-0.033694216436254976,-0.009162917844181709,-0.007149023481293629,-0.007752066747145842,-0.009574534855472891,-0.005750988951294324,-0.017694457001345965,-0.005117034046739728,-0.017793809586516957,-0.01723399930170216
Flow Pkts/s,0.16935804253154307,-0.11283438077160902,-0.07958637181875884,-0.02685459398925647,-0.015057264301955468,-0.008929676902596086,-0.007224136028418335,-0.15212545993554444,-0.0924423808535691,-0.17748814129789017,-0.14272551053312899,-0.1735272845698172,-0.10403499635260512,-0.14773999960061748,-0.1518010614762729,0.4162537928334487,1.0,-0.04967573904692548,-0.055452318499615176,-0.0721300014603498,-0.04213012257937614,-0.0771387239749187,-0.05413075752162879,-0.0533538939641835,-0.0691376110964111,-0.0429688333797138,-0.06234517550286366,-0.05092755316337739,-0.05652391703210034,-0.054109666371187526,-0.012783896427576751,0.10101050622743665,-0.02683189212022253,-0.01814942667352789,0.9403355661148635,0.733886509592809,-0.10497975995335862,-0.17142422239676328,-0.15185758393875132,-0.1619740345688448,-0.06504821760974971,0.04454874511374708,0.10101050622743665,-0.04943571960853117,-0.004809097148732814,0.12668826984523024,0.07857807013447449,-0.04943493262073053,0.0361552265255559,-0.16423715177957554,-0.17748814129789017,-0.1477399996006175,-0.026854593989256468,-0.008929676902596087,-0.015057264301955468,-0.007224136028418335,0.0907225471208726,-0.08021752011352606,-0.12710591920425127,0.2652862129221734,-0.021623334500670173,-0.023346093232704205,-0.02890614572044309,-0.017414011716634217,-0.05313687261270366,-0.015377587110741026,-0.05343615620658584,-0.05175307871594116
Flow IAT Mean,-0.05777518005802846,-0.18179738561462314,0.47602220558163066,-0.01877503157944474,-0.014331728766397893,-0.007700646771351163,-0.0069697106988772005,-0.13008324300754684,-0.07992560318806761,-0.15986243274219822,-0.1230135441056242,-0.13775658313314137,-0.11410274890309734,-0.11903749180806728,-0.11456842005057345,-0.016580374175073,-0.04967573904692548,1.0,0.0973504139819616,0.7460845379696676,0.9868829832468182,0.4710664852405253,0.986723062634891,0.042578439666513486,0.7427103100825178,0.9850292762413606,0.015459855547856975,0.05058333960202382,0.010004732710725849,0.01590608642568146,0.05299900450825061,-0.021800538282107203,-0.025111076140820886,-0.017212229656575217,-0.043274903281570236,-0.04331790405276381,-0.08148601949871981,-0.13597331986586383,-0.12423396837781575,-0.12816588681774632,-0.04409867663261169,-0.014342901245683666,-0.021800538282107203,-0.04827923088246071,-0.1737553172828867,0.21514054820935288,-0.05433302050304242,-0.04828025184156153,-0.19299365713808841,-0.1373774944170109,-0.15986243274219822,-0.11903749180806728,-0.01877503157944474,-0.007700646771351163,-0.014331728766397897,-0.0069697106988772005,-0.07518040629255927,-0.07964178073960304,-0.10309331971429261,-0.10479489337895731,0.0022910441669571967,0.00031652250318788667,0.001628419634446957,0.002240673448498467,0.3968432401911851,0.013481583829318055,0.38899160739912075,0.40064927438306935
Flow IAT Std,-0.08156473820903325,-0.13635595701074482,0.5956095391479489,0.028806353362162737,0.014438858873167322,0.00805974615916863,0.006123633758263269,0.11739764688664397,-0.11389768575578955,0.08979496786488829,0.14816607191594858,0.24547573054699165,-0.11178385747900307,0.26071271140289615,0.27859934595040897,-0.018493495086643805,-0.055452318499615176,0.0973504139819616,1.0,0.62342176530787,-0.04959124665951801,0.5483286790963167,0.12342641510369198,0.8210363907363368,0.5399550049823828,-0.019527076749409053,0.5358364395762433,0.586093811415751,0.6091925455828067,0.6293674998202052,0.307390837147587,0.06866629129417405,0.018371855088801993,0.013761889625307088,-0.04830734145439883,-0.04835478957536387,-0.11676668818716933,0.24659116765389197,0.24118002796865298,0.287049701693918,0.190374497906383,-0.01646140936871568,0.06866629129417405,-0.02770178386344126,0.1592605349285442,-0.04927552164882716,-0.060889079371119245,-0.027700365155473645,-0.025762416451792267,0.2263195884107816,0.0897949678648883,0.26071271140289615,0.028806353362162734,0.008059746159168628,0.014438858873167324,0.006123633758263271,-0.00926608642513505,-0.035947146140028655,0.11652109570533475,0.002405094282140908,0.14841847057334076,0.18300661056771628,0.18463676190893483,0.10898110832571317,0.6415976970722027,0.2050010824192996,0.6484647192193211,0.626205659593801
Flow IAT Max,-0.09650547591355912,-0.22226156956828286,0.7489005891309628,0.0514911608157228,0.05047393949104961,0.005239868118168474,0.047662625294061844,0.019714948142550252,-0.13832591092875376,-0.011403333832942517,0.04413816482890009,0.13281796557841002,-0.16054005236842342,0.209343270802125,0.1688095553478141,-0.024032081666654694,-0.0721300014603498,0.7460845379696676,0.62342176530787,1.0,0.6773174504346888,0.7319634824446748,0.7731959082630162,0.6402783884224322,0.9784561688484142,0.6834542828698795,0.3993468295538568,0.3255624686119223,0.5059037438289838,0.5586310504204071,0.11470920989674052,0.003193670596157947,0.038961678286619984,0.047320485430445994,-0.06283623381288073,-0.06289761505758759,-0.14125581369693135,0.1328389559555906,0.19773624132846107,0.18754201649636684,0.1617744667120707,-0.021219231575682812,0.003193670596157947,-0.05009352056404303,0.013949579816021651,0.09136218232386535,-0.08049958396596424,-0.05009328475669213,-0.11637292353818807,0.17618566584384052,-0.011403333832942508,0.2093432708021251,0.0514911608157228,0.005239868118168474,0.05047393949104961,0.047662625294061865,-0.05045942688234925,-0.0805479371922359,0.03635723373779591,-0.06753573495921683,0.15171524015084012,0.16950090158216502,0.16719381333499567,0.11230994593688362,0.7392580960524925,0.20704724227315832,0.7438537647919681,0.7272554086992138
Flow IAT Min,-0.04711481969376457,-0.1635687240686361,0.39646124714274894,-0.021489890082122882,-0.015091022641647394,-0.008306682884856392,-0.006681923865718545,-0.14282612104151612,-0.06530239376451528,-0.16567548837670554,-0.13902183593350492,-0.16153825297344346,-0.09927171970542895,-0.13827011666836553,-0.1415311041516149,-0.014063394607773744,-0.04213012257937614,0.9868829832468182,-0.04959124665951801,0.6773174504346888,1.0,0.40127808221600764,0.9735476262004995,-0.04799209616123919,0.6918040604255863,0.9915564241851132,-0.057520126013749756,-0.04695185375904278,-0.05216477242326459,-0.04992608095335008,-0.01173921312172339,-0.033698464373899055,-0.02648629681100437,-0.018050338823902726,-0.03670153315775889,-0.03673807437041605,-0.06644466002330895,-0.16029784762982804,-0.1416638183729563,-0.15464168782112525,-0.06044234748486035,-0.012107814914055213,-0.033698464373899055,-0.04562194242670218,-0.19156654230230769,0.2183361810794997,-0.046504700149973786,-0.04562318473647213,-0.1873028406712978,-0.15284514447983347,-0.16567548837670554,-0.13827011666836547,-0.021489890082122886,-0.008306682884856392,-0.015091022641647396,-0.006681923865718545,-0.07287130384386464,-0.07673254204661425,-0.11964919244789698,-0.10477571807036011,-0.017630753014093465,-0.02077118843554181,-0.02453213558298405,-0.01384900966008583,0.31720624055233493,-0.011857654120240762,0.30842578593983655,0.32332661990296363
Fwd IAT Tot,-0.11512931939406634,-0.24293877116254697,0.9931310858630754,0.10742140455007526,0.08287350454195254,0.014104160574681925,0.06711217383176349,0.1433603369135879,-0.16414492214175577,0.018695126648074857,0.1501983127139074,0.2824658040857851,-0.17593357637027274,0.30555856015399596,0.30222804577985146,-0.025699933505378348,-0.0771387239749187,0.4710664852405253,0.5483286790963167,0.7319634824446748,0.40127808221600764,1.0,0.5429869621658489,0.6294343925137802,0.7504671973710839,0.4102300633204894,0.8378774089569719,0.5243435660463598,0.6170691839010718,0.6102299286581996,0.0783611568796513,-0.007532809926125853,0.08536379388165552,0.08476729743064611,-0.06719962072928128,-0.06726518763032754,-0.16800728513714278,0.28673559978073304,0.29612208375004045,0.33581834656214565,0.23662302964639012,-0.02304029692566611,-0.007532809926125853,-0.055752395246976116,0.1297586039254285,-0.026355753503499644,-0.08854608616115238,-0.05575138243698075,-0.09983691938245344,0.26763266009563264,0.018695126648074864,0.30555856015399596,0.10742140455007526,0.014104160574681925,0.08287350454195254,0.06711217383176349,-0.03865189452095036,-0.06922601359663066,0.25339866350253726,-0.06589701245479898,0.1366880340534935,0.3181684557739287,0.2801894279004711,0.0746504885887186,0.7026174857252627,0.15618000057895368,0.7014818421487604,0.6877287904851839
Fwd IAT Mean,-0.0654182467955034,-0.19172502058082097,0.5376914073032366,-0.014360025799050637,-0.012104249772380319,-0.006539203131518129,-0.0063084290428872085,-0.1094489242952356,-0.08898712367015467,-0.14645314944831217,-0.1012063474348139,-0.10292980964192555,-0.12259123456961742,-0.08679938300070607,-0.07825491336496303,-0.018066264261918714,-0.05413075752162879,0.986723062634891,0.12342641510369198,0.7731959082630162,0.9735476262004995,0.5429869621658489,1.0,0.11680416703104063,0.7901092680096928,0.9823934930024694,0.0925670744689423,0.12657133194041634,0.06933160877214373,0.07785488055349583,0.09335052046606823,-0.016430933819140913,-0.021892848421474286,-0.014736362267462581,-0.04715586584218859,-0.04720277187804285,-0.09080185206077127,-0.10076227942338482,-0.09346918787978843,-0.09004307729830516,-0.020653923507360325,-0.015709284858147772,-0.016430933819140913,-0.049312108758919365,-0.15523123076119497,0.20348609166187673,-0.060068064724433295,-0.049312981305194396,-0.19613957031668108,-0.10797972921006661,-0.14645314944831217,-0.08679938300070604,-0.014360025799050638,-0.006539203131518129,-0.012104249772380319,-0.0063084290428872085,-0.07501267202877106,-0.07860978529459016,-0.07859487301845564,-0.10571586582669251,0.005339267668075778,0.02201159779418045,0.015482669147894864,0.0007992137121136819,0.42603082422083965,0.02443062466569763,0.4184013454247205,0.4283471543677493
Fwd IAT Std,-0.07955136823628878,-0.13326213213321186,0.6259953785478702,0.04034104102123634,0.022530468367617434,0.01210399681781187,0.011837904743219293,0.16770734299153914,-0.11444719489214095,0.1422636017480951,0.1971562727960102,0.333395965883309,-0.11050666594663047,0.3689628059035579,0.36688200109626246,-0.01778923475516085,-0.0533538939641835,0.042578439666513486,0.8210363907363368,0.6402783884224322,-0.04799209616123919,0.6294343925137802,0.11680416703104063,1.0,0.6550522096515874,-0.04760784990213117,0.585758916872179,0.4064200681768756,0.7139308789463357,0.6962032281660693,0.034202155302116705,0.06759511710217621,0.028581738021871382,0.021929053706334967,-0.04647932079787649,-0.046524901690071445,-0.11699086084640796,0.3332932325556701,0.3474141951992496,0.38688041348041113,0.25774029151199046,-0.015893712784933376,0.06759511710217621,-0.021120216115805595,0.18897803924916137,-0.07750771500669665,-0.06052238158711584,-0.021118771985131735,-0.036135747633127886,0.33214526046990467,0.1422636017480951,0.3689628059035578,0.04034104102123634,0.012103996817811867,0.022530468367617434,0.011837904743219291,0.002899220125275466,-0.021249095777262965,0.1546905622187584,0.009565798916127622,0.13761381373988874,0.21763173621645018,0.184318491216404,0.0882376015297894,0.6213465594982063,0.21593505938337687,0.6292674264496256,0.6049792161920653
Fwd IAT Max,-0.09145684215362714,-0.21537329474580133,0.7443998198513274,0.04023423721439608,0.031733895191724974,0.005713022208216725,0.028594957620183426,0.02699189767471351,-0.1311491815200185,-0.003994410398567796,0.04791859848329305,0.13742726258275656,-0.15363897755349504,0.2076963331789579,0.17123173318693943,-0.0230473047716525,-0.0691376110964111,0.7427103100825178,0.5399550049823828,0.9784561688484142,0.6918040604255863,0.7504671973710839,0.7901092680096928,0.6550522096515874,1.0,0.6980125852691123,0.3960866160971004,0.2822489478582044,0.4873669031208611,0.5339192159163503,0.07170404251765365,0.006457269724222794,0.026106016699033105,0.028799093177194833,-0.06022929488685052,-0.060288460667744764,-0.13380683950391045,0.13756466705695203,0.19541697031541547,0.189299056469759,0.16219615174689284,-0.02032585754333977,0.006457269724222794,-0.0459633638827705,0.0017041683064724618,0.0954154568289853,-0.07730678418436324,-0.045963189296849234,-0.14179081901610985,0.17464015963914123,-0.0039944103985677945,0.20769633317895786,0.04023423721439608,0.005713022208216725,0.03173389519172497,0.028594957620183426,-0.0496284592734154,-0.07165742837715981,0.04474915022481074,-0.07084276914457446,0.12172909415455592,0.16515467309431625,0.1434224594489803,0.08261060127408584,0.7083423465892816,0.19250007826466006,0.7118299795028724,0.6973270923986891
Fwd IAT Min,-0.048592984748243896,-0.1641498656152537,0.40548348900489783,-0.02168685352730921,-0.015177201153750921,-0.00843422943967886,-0.006810794626087332,-0.145023300312647,-0.06521189525387198,-0.16722422243232785,-0.1410657359701925,-0.16410640747273908,-0.09911633786119534,-0.1399807892334478,-0.14379342667297978,-0.014343704431063075,-0.0429688333797138,0.9850292762413606,-0.019527076749409053,0.6834542828698795,0.9915564241851132,0.4102300633204894,0.9823934930024694,-0.04760784990213117,0.6980125852691123,1.0,-0.04321962144295967,0.022566692827962663,-0.05008813467901879,-0.02969236738625145,0.07695867840937651,-0.031346590433051165,-0.026841490130056975,-0.018199792211482005,-0.03743214375977102,-0.03746950189538622,-0.0663291265274977,-0.16275141736792,-0.14338559841980875,-0.15691006914491695,-0.06154956262379049,-0.01237048967425574,-0.031346590433051165,-0.04594947767117156,-0.19464810782411104,0.21878605516982313,-0.047472271728401204,-0.04595068268964685,-0.18358467233846168,-0.15469554919671935,-0.16722422243232785,-0.1399807892334478,-0.021686853527309206,-0.00843422943967886,-0.015177201153750921,-0.006810794626087332,-0.07532752165249036,-0.07779770458378811,-0.11980500531023727,-0.10847123867470503,-0.01636392703192258,-0.02034499218145091,-0.023484363131493168,-0.012664569748800094,0.33026310106465445,-0.009671315027533243,0.32136074091627576,0.3361622015424023
Bwd IAT Tot,-0.10135676375127173,-0.16094793642069583,0.8434257863972762,0.13986189089581313,0.11498014873770361,0.018808893006913026,0.0922234583520025,0.21751750491472643,-0.144837323644209,0.0727941606526104,0.21542890614024598,0.3874554849421921,-0.14403455225954082,0.3885322144209788,0.3923701125341585,-0.02074654718442459,-0.06234517550286366,0.015459855547856975,0.5358364395762433,0.3993468295538568,-0.057520126013749756,0.8378774089569719,0.0925670744689423,0.585758916872179,0.3960866160971004,-0.04321962144295967,1.0,0.6549638966092282,0.7559882497182439,0.7513727253206193,0.1213543963852788,-0.01404050871621144,0.12070599028708996,0.11881170928281175,-0.05431241450620058,-0.054364700006082185,-0.14860237568189064,0.39164513629575815,0.383076079352528,0.43604879457025986,0.2788654597944187,-0.018844781882384438,-0.01404050871621144,-0.034789161368948905,0.2509526968897362,-0.11299230387541104,-0.07489360790640187,-0.034787618388137626,0.02809100144885225,0.3564340767917994,0.0727941606526104,0.3885322144209788,0.1398618908958131,0.018808893006913026,0.11498014873770361,0.0922234583520025,0.00032205641166972005,-0.0346192491358154,0.3476136885498882,0.021296970661741858,0.1640289699950674,0.37015686933974773,0.329768461043688,0.09215052219945061,0.555613518466568,0.16218494178702744,0.5577507593274088,0.5370714639325048
Bwd IAT Mean,-0.079244533300041,-0.12392244946068964,0.5511468321508115,0.023989085026791274,0.00826890069829613,0.004655306383116065,-0.0019365517973933483,0.10735871936653021,-0.10709213503738413,0.031418369930135026,0.12117150600346009,0.1936034145506444,-0.10839669875929173,0.11644454797527336,0.20557931236317833,-0.016986519250717508,-0.05092755316337739,0.05058333960202382,0.586093811415751,0.3255624686119223,-0.04695185375904278,0.5243435660463598,0.12657133194041634,0.4064200681768756,0.2822489478582044,0.022566692827962663,0.6549638966092282,1.0,0.5505499476239838,0.6123911055649045,0.7494072716062194,0.019184744074561378,0.014645714433618996,0.009702040582732344,-0.044365652567516366,-0.044409034704891645,-0.11031851103247446,0.19766104032263623,0.10514157462213242,0.1953382747105699,0.10470601565121437,-0.015361881033322507,0.019184744074561378,-0.005393379323198002,0.16404791379124958,-0.0712229882391917,-0.05863629163752308,-0.005391789754399227,-0.00717486074053784,0.09013269494241181,0.031418369930135026,0.11644454797527336,0.023989085026791274,0.0046553063831160655,0.008268900698296132,-0.0019365517973933479,-0.011488955541187392,-0.0036909545962168235,0.15353831306811927,-0.000416061000548625,0.0949916068499876,0.17002251893186543,0.16309224374807754,0.06239288893365285,0.4412913766880032,0.1253906618155625,0.4426398380082858,0.4283212411809292
Bwd IAT Std,-0.08967835565224519,-0.1426449494710259,0.6319378427240149,0.04511816684847828,0.025174112655552534,0.010674466142824806,0.010950394144103454,0.15754745930966804,-0.1298125327710982,0.08791224855183505,0.17432408580344017,0.35208600384877625,-0.13045810278445802,0.31723573847772574,0.37613487692938863,-0.018843961999626953,-0.05652391703210034,0.010004732710725849,0.6091925455828067,0.5059037438289838,-0.05216477242326459,0.6170691839010718,0.06933160877214373,0.7139308789463357,0.4873669031208611,-0.05008813467901879,0.7559882497182439,0.5505499476239838,1.0,0.9165511654014852,-0.003524168303213329,-0.017294180322475785,0.033284376369483185,0.025091910768764346,-0.049241008180840554,-0.04928894588235851,-0.13314278509623365,0.352177069395744,0.29563313423242576,0.3804634789567526,0.23141902706487597,-0.0170750024161129,-0.017294180322475785,-0.009991740278968863,0.24836163170813505,-0.1265937673406585,-0.06815766461268725,-0.009990033296373779,0.03829428406704115,0.276514151458566,0.08791224855183503,0.31723573847772574,0.04511816684847828,0.010674466142824806,0.025174112655552534,0.010950394144103454,0.00039558383126958536,-0.01320187737298351,0.18412966261838856,0.021290642510347988,0.16517008062713706,0.26925157586458054,0.22467643398349582,0.10380369134397888,0.6652238705285807,0.23257045379633495,0.6727502081193591,0.6477267548551712
Bwd IAT Max,-0.08510017930847341,-0.13692747098028243,0.6286570343409339,0.10841500879301309,0.09993411432124377,0.014299134321595791,0.08414042840387444,0.15122075818112946,-0.12300379262576269,0.08339286295822396,0.15678389597967088,0.3504026510215237,-0.12317797985129815,0.3971848578059226,0.3627198039101776,-0.017989424844551634,-0.054109666371187526,0.01590608642568146,0.6293674998202052,0.5586310504204071,-0.04992608095335008,0.6102299286581996,0.07785488055349583,0.6962032281660693,0.5339192159163503,-0.02969236738625145,0.7513727253206193,0.6123911055649045,0.9165511654014852,1.0,0.20914114029180988,-0.012649101707586307,0.09506991228149275,0.0991483084580808,-0.04713816022676964,-0.04718304673770812,-0.12599804740996076,0.34928823763558403,0.3896167045032503,0.4011755423445116,0.2651466688037194,-0.016342587981700577,-0.012649101707586307,-0.010956246263483817,0.22669853552960126,-0.11421825386174238,-0.06444702968897445,-0.010954632056074238,0.08088921132778579,0.36778292869189955,0.08339286295822397,0.3971848578059226,0.10841500879301309,0.014299134321595791,0.09993411432124377,0.08414042840387445,-0.002162106067901388,-0.017967568514983163,0.2079028797427493,0.015862700035306616,0.2304148395102692,0.3027288542119183,0.2746463267385605,0.16020342165017373,0.7299303649556491,0.30830106092898374,0.7439085873400103,0.7063523504499511
Bwd IAT Min,-0.01707136392742963,-0.026412930796575307,0.10187595999520557,-0.00348063097417699,-0.0024749845553435996,-0.0015005688007326623,-0.0019341537471807414,-0.022238800593316104,-0.01674449553878283,-0.01679580190056476,-0.017598436978926643,-0.028006855453697986,-0.017414349362647828,-0.025183250968025143,-0.023062511987633212,-0.004264054483718543,-0.012783896427576751,0.05299900450825061,0.307390837147587,0.11470920989674052,-0.01173921312172339,0.0783611568796513,0.09335052046606823,0.034202155302116705,0.07170404251765365,0.07695867840937651,0.1213543963852788,0.7494072716062194,-0.003524168303213329,0.20914114029180988,1.0,0.03490317199924885,-0.004991588413670222,-0.003242097924861034,-0.011136729560064729,-0.011147591192487144,-0.017394153096128153,-0.02741536052532957,-0.02350586873707421,-0.025637013710296076,-0.0120644566964212,-0.0038340788883994116,0.03490317199924885,0.0035082077528109995,-0.013997820655075507,0.017464123318668756,-0.011696068918292493,0.003508676282285062,0.006604246065587345,-0.0261539477426049,-0.01679580190056476,-0.025183250968025147,-0.003480630974176991,-0.0015005688007326623,-0.0024749845553435996,-0.0019341537471807408,-0.015241824495085123,0.004139062254473164,-0.012621365745207936,-0.021699895231672952,0.012752146903377583,0.003892248721379568,0.010126829114001276,0.012081539412600345,0.1539946304264943,0.030090667205181647,0.15286253037407538,0.1508835041613494
Fwd PSH Flags,0.1567960693037411,-0.10103080387925928,-0.009250184149508522,0.02723389785414942,0.030256823201864375,-0.0032536173798372627,0.03627671716128606,-0.09641288178953074,-0.06910659367088842,-0.0627271992420516,-0.06785618280746852,-0.13984337015776993,-0.0782442293788308,-0.10926275811634323,-0.12428544568695371,0.24759633052762187,0.10101050622743665,-0.021800538282107203,0.06866629129417405,0.003193670596157947,-0.033698464373899055,-0.007532809926125853,-0.016430933819140913,0.06759511710217621,0.006457269724222794,-0.031346590433051165,-0.01404050871621144,0.019184744074561378,-0.017294180322475785,-0.012649101707586307,0.03490317199924885,1.0,0.021390047560601682,0.02742373950224428,0.12862280005304683,0.006973286103117232,-0.08663901818666961,-0.12395957984625464,-0.07009262946752041,-0.10424691138686429,-0.04788668394037219,-0.01180842105673309,1.0,-0.04228756379599124,-0.17827135356379245,0.32382840585181977,-0.03344523285215448,-0.04228689081388507,-0.14343162370576595,-0.07043212797386611,-0.06272719924205163,-0.10926275811634328,0.02723389785414942,-0.0032536173798372627,0.030256823201864375,0.03627671716128607,-0.1120860964851127,-0.06983424782082527,-0.07031821793654007,0.013588484617685588,-0.00011419021938322882,-0.010112065839318266,-0.005778184092715032,0.0011932821055503037,0.034738340871537356,0.009685989432160777,0.0349102405425323,0.033423415349856746
Fwd Header Len,-0.04359462474648993,-0.08295706309796179,0.09222629453153364,0.9861976873354227,0.8938447517069309,0.048530586171236186,0.8849444799972762,0.1629800379305429,-0.07558795126681497,0.07253669754946283,0.1083634059410571,0.17460253261350567,-0.06288618600620297,0.23181936143520449,0.1058201828315533,-0.007405613341553784,-0.02683189212022253,-0.025111076140820886,0.018371855088801993,0.038961678286619984,-0.02648629681100437,0.08536379388165552,-0.021892848421474286,0.028581738021871382,0.026106016699033105,-0.026841490130056975,0.12070599028708996,0.014645714433618996,0.033284376369483185,0.09506991228149275,-0.004991588413670222,0.021390047560601682,1.0,0.8980499872039619,-0.023167647095561798,-0.02381080671133718,-0.07731840708472537,0.17565288237391882,0.2601504734978034,0.18127849803761967,0.12634380615598978,-0.008493957051649905,0.021390047560601685,0.0015876560995350918,0.12356568316917635,-0.04899961264817411,-0.03531169700603982,0.0015885073271229909,0.03168066470142765,0.24301210753185556,0.07253669754946283,0.23181936143520446,0.9861976873354228,0.04853058617123619,0.8938447517069308,0.8849444799972762,0.105543789831312,0.002670778415559799,0.27537278259160575,0.10721452200301948,0.08232157802785987,0.08602147014400285,0.11129505690242501,0.06565920430923096,0.059225421431940484,0.03022173137281034,0.06074027142428639,0.055750620974695214
Bwd Header Len,-0.03017400845764434,-0.048380916754049055,0.09466358956967025,0.8937321857392104,0.9992958521850474,0.06211424565012156,0.9945976192726853,0.10563777649024203,-0.04417070658168946,0.039781785450124625,0.06479549421902912,0.12239846260990361,-0.030503086045496706,0.23704825836820442,0.06145487986242381,-0.0047984874587903275,-0.01814942667352789,-0.017212229656575217,0.013761889625307088,0.047320485430445994,-0.018050338823902726,0.08476729743064611,-0.014736362267462581,0.021929053706334967,0.028799093177194833,-0.018199792211482005,0.11881170928281175,0.009702040582732344,0.025091910768764346,0.0991483084580808,-0.003242097924861034,0.02742373950224428,0.8980499872039619,1.0,-0.016130774580044683,-0.015187804393486085,-0.04510579838746304,0.12698620947713565,0.2770944114851504,0.14546082592888143,0.1270713011876236,-0.00549059103374618,0.027423739502244287,-0.004385054698160344,0.07077518285634496,-0.027038409018656763,-0.020928112818250952,-0.004384477315833275,0.12891518079515019,0.26289104078222963,0.03978178545012464,0.23704825836820437,0.8937321857392104,0.06211424565012157,0.9992958521850474,0.9945976192726853,0.04995720106758362,-0.004554666547182969,0.20478108626295752,0.05229925904181394,0.09419341233783766,0.0878248955805054,0.12133829234497695,0.07739944992912373,0.06725757881406233,0.030092891761659045,0.06856050115733371,0.06393998176349147
Fwd Pkts/s,0.23496312487835325,-0.09899971564066581,-0.06933196210918374,-0.0226344610013409,-0.013412167026189931,-0.0077664866099750205,-0.006299693678631735,-0.1315421846805286,-0.08570121475613476,-0.15279660192557365,-0.12165051512250477,-0.1516143021161086,-0.09145479163089952,-0.1292935626397857,-0.13275169404865586,0.473965065245619,0.9403355661148635,-0.043274903281570236,-0.04830734145439883,-0.06283623381288073,-0.03670153315775889,-0.06719962072928128,-0.04715586584218859,-0.04647932079787649,-0.06022929488685052,-0.03743214375977102,-0.05431241450620058,-0.044365652567516366,-0.049241008180840554,-0.04713816022676964,-0.011136729560064729,0.12862280005304683,-0.023167647095561798,-0.016130774580044683,1.0,0.45897829066229634,-0.09233660269981578,-0.1489841010522917,-0.1307880636769995,-0.14026654787985549,-0.056703016757994724,0.06300960130641992,0.12862280005304683,-0.043067340765179936,-0.048578020207532664,0.15922173456608568,0.03986846538341497,-0.04306665521259098,-0.02308977878613999,-0.14097865692879347,-0.15279660192557365,-0.1292935626397857,-0.0226344610013409,-0.0077664866099750205,-0.013412167026189931,-0.006299693678631735,0.034993503818422936,-0.07053695782375528,-0.10952282982148194,0.1767146921779636,-0.018837567922470027,-0.02033815955113173,-0.025182005351228973,-0.015170580750639914,-0.04629033119429654,-0.013396255940682328,-0.04655105539457058,-0.045084832557812274
Bwd Pkts/s,-0.026857342235562996,-0.09698699345842798,-0.06939941190337247,-0.024934538011076385,-0.012541063339033503,-0.007811912400982347,-0.006286756472371841,-0.13461499176174488,-0.07028909165057018,-0.15840900799932317,-0.12981783227325858,-0.15042687103927938,-0.08907296960840001,-0.12765294737494703,-0.13135326670822509,0.14068656015412087,0.733886509592809,-0.04331790405276381,-0.04835478957536387,-0.06289761505758759,-0.03673807437041605,-0.06726518763032754,-0.04720277187804285,-0.046524901690071445,-0.060288460667744764,-0.03746950189538622,-0.054364700006082185,-0.044409034704891645,-0.04928894588235851,-0.04718304673770812,-0.011147591192487144,0.006973286103117232,-0.02381080671133718,-0.015187804393486085,0.45897829066229634,1.0,-0.0897794626621779,-0.1501863465722409,-0.1354210485931615,-0.14291399974898542,-0.05665021073107655,-0.009467916146361489,0.006973286103117232,-0.04310554971654312,0.08442378451803839,0.0129346407532516,0.1255874916580849,-0.0431048633928728,0.14050397412701196,-0.14740173473995066,-0.15840900799932317,-0.12765294737494703,-0.024934538011076385,-0.007811912400982346,-0.012541063339033506,-0.006286756472371841,0.16703119100144068,-0.0686417953922052,-0.11324409650337747,0.33991484614454026,-0.0188549346078624,-0.02035757361020032,-0.0252055757013205,-0.015184440133642792,-0.04633552036177045,-0.013409246367891144,-0.046596491641803316,-0.04512885334742666
Pkt Len Min,-0.18573422659584746,0.8691550256423565,-0.1737969511600018,-0.06674656101383103,-0.03437848649052484,-0.019451899488610334,-0.017043738052904323,-0.29232578751227845,0.977788096725857,0.014426677774658342,-0.3628699703974847,-0.3157552046347143,0.8162201827306909,-0.036316368360386646,-0.36886858153174085,-0.008894985181112591,-0.10497975995335862,-0.08148601949871981,-0.11676668818716933,-0.14125581369693135,-0.06644466002330895,-0.16800728513714278,-0.09080185206077127,-0.11699086084640796,-0.13380683950391045,-0.0663291265274977,-0.14860237568189064,-0.11031851103247446,-0.13314278509623365,-0.12599804740996076,-0.017394153096128153,-0.08663901818666961,-0.07731840708472537,-0.04510579838746304,-0.09233660269981578,-0.0897794626621779,1.0,-0.31348094029243195,-0.042545370975039416,-0.2903008509700108,-0.15022172173968068,-0.0332512166718517,-0.08663901818666958,-0.11907713483028312,-0.5019925505073721,-0.2871541719238318,-0.12783754859270985,-0.11907523978659156,0.3316315017569725,0.06102596340820097,0.014426677774658338,-0.03631636836038665,-0.06674656101383103,-0.019451899488610334,-0.034378486490524836,-0.017043738052904323,-0.35320568508229744,-0.2002297516997827,-0.29296272415095237,-0.6423431643996624,-0.04546661241261474,-0.056163844984916556,-0.06441722766821345,-0.035089679197570854,-0.0889678691030907,-0.02682511870501263,-0.08937688031988937,-0.08618547910208993
Pkt Len Max,-0.24332451048933307,-0.3421078030414937,0.2877503785062839,0.1651594869476901,0.1083722863339977,0.20631152181573625,0.06196375570152058,0.8813962813364408,-0.30569924788586905,0.7445360442524086,0.8686122089331219,0.9814899925940112,-0.29131983899169905,0.7039369449427061,0.9467571785776432,-0.04156497110962915,-0.17142422239676328,-0.13597331986586383,0.24659116765389197,0.1328389559555906,-0.16029784762982804,0.28673559978073304,-0.10076227942338482,0.3332932325556701,0.13756466705695203,-0.16275141736792,0.39164513629575815,0.19766104032263623,0.352177069395744,0.34928823763558403,-0.02741536052532957,-0.12395957984625464,0.17565288237391882,0.12698620947713565,-0.1489841010522917,-0.1501863465722409,-0.31348094029243195,1.0,0.7379142096164958,0.9454892505959684,0.6040369418748328,-0.053012815786116545,-0.1239595798462546,0.31650890822132954,0.722155557283966,-0.43987553066411805,-0.21089898254078343,0.3165191697290256,-0.10041247135335635,0.7079631730031645,0.7445360442524086,0.7039369449427062,0.1651594869476901,0.20631152181573625,0.1083722863339977,0.06196375570152058,0.35644888234888117,0.47857368007516204,0.7046139341682965,0.27887534885141624,0.09319151916360882,0.15577327259920348,0.1484067620604812,0.062471589293220206,0.1902682462072045,0.08523163149081978,0.1936941901669753,0.18087137192448863
Pkt Len Mean,-0.2251583717776527,-0.08090761926110766,0.30144058821837694,0.27068264618354837,0.27185056929351675,0.0806190125240326,0.24641966941038076,0.5508142359832091,-0.0353223407120684,0.5575171855670288,0.5730033387335167,0.7388380557864953,-0.0326830569000976,0.9664011949564578,0.7447470728019757,-0.022306284466217616,-0.15185758393875132,-0.12423396837781575,0.24118002796865298,0.19773624132846107,-0.1416638183729563,0.29612208375004045,-0.09346918787978843,0.3474141951992496,0.19541697031541547,-0.14338559841980875,0.383076079352528,0.10514157462213242,0.29563313423242576,0.3896167045032503,-0.02350586873707421,-0.07009262946752041,0.2601504734978034,0.2770944114851504,-0.1307880636769995,-0.1354210485931615,-0.042545370975039416,0.7379142096164958,1.0,0.8751103286372736,0.5882313774313048,-0.048721474820407035,-0.0700926294675204,0.1661293956436004,0.4378078635760956,-0.3829972090995483,-0.1925962252979125,0.16613704331999524,0.1303323115103762,0.9931444532574311,0.5575171855670288,0.9664011949564579,0.27068264618354837,0.0806190125240326,0.27185056929351675,0.24641966941038082,0.10810482274309205,0.2675935591718083,0.4247675687264495,0.00515680176122423,0.14661864487578558,0.22043790808573424,0.22141925474965843,0.10361233210818907,0.24046419782314793,0.11508993652471847,0.24587057269074628,0.22870625386916815
Pkt Len Std,-0.23011145837886973,-0.306620529947517,0.3389394962766128,0.18307698805207615,0.1338550109659709,0.11867038735090585,0.09795018931706832,0.7535293208715614,-0.282583085662862,0.6660605310852813,0.7923495570021035,0.9418337456663247,-0.24196071930448043,0.868022806081903,0.9620781792568157,-0.034091203590610276,-0.1619740345688448,-0.12816588681774632,0.287049701693918,0.18754201649636684,-0.15464168782112525,0.33581834656214565,-0.09004307729830516,0.38688041348041113,0.189299056469759,-0.15691006914491695,0.43604879457025986,0.1953382747105699,0.3804634789567526,0.4011755423445116,-0.025637013710296076,-0.10424691138686429,0.18127849803761967,0.14546082592888143,-0.14026654787985549,-0.14291399974898542,-0.2903008509700108,0.9454892505959684,0.8751103286372736,1.0,0.6251608766823354,-0.05074336365006455,-0.10424691138686432,0.27167529345345337,0.6645819950489706,-0.4114717457391572,-0.20186123248127658,0.27168466891871945,-0.04735317554206107,0.8498908924445242,0.6660605310852813,0.868022806081903,0.18307698805207612,0.11867038735090585,0.13385501096597094,0.09795018931706834,0.24938445834471357,0.42487094303037565,0.5598981605757627,0.18370237118816235,0.11295886596543958,0.19402377941155158,0.18440501425429742,0.07504974630754993,0.23308668305693928,0.10400653193262648,0.23730337597609374,0.2217983751320157
Pkt Len Var,-0.09191739018333049,-0.16103389655873332,0.2390963847073341,0.13751580741851555,0.11984307476853032,0.6819269159371529,0.08313346288896895,0.553276983096174,-0.1461998940956515,0.5194666889062962,0.5368291103906331,0.47706736357181245,-0.14103534553874242,0.5705174607095784,0.5144515728381098,-0.013387228865109025,-0.06504821760974971,-0.04409867663261169,0.190374497906383,0.1617744667120707,-0.06044234748486035,0.23662302964639012,-0.020653923507360325,0.25774029151199046,0.16219615174689284,-0.06154956262379049,0.2788654597944187,0.10470601565121437,0.23141902706487597,0.2651466688037194,-0.0120644566964212,-0.04788668394037219,0.12634380615598978,0.1270713011876236,-0.056703016757994724,-0.05665021073107655,-0.15022172173968068,0.6040369418748328,0.5882313774313048,0.6251608766823354,1.0,-0.019811989264806706,-0.0478866839403722,0.10019538179549976,0.2986259052895629,-0.16333091432215271,-0.07894573826743623,0.10019895773727505,0.005460105309264574,0.5713378222381861,0.5194666889062962,0.5705174607095784,0.13751580741851552,0.6819269159371529,0.11984307476853032,0.08313346288896896,0.07925177406822259,0.16760380738805414,0.3676927840301064,0.06729350249356696,0.07869233809943502,0.134652686343915,0.12723900115102357,0.052255360531178116,0.17553047523183818,0.07412898188016746,0.17837747291574768,0.1677493146232254
FIN Flag Cnt,0.0899875614369107,-0.03573218669418703,-0.023766819959466664,-0.007885324262225404,-0.004519822361507135,-0.002760788400442814,-0.0021897925760420702,-0.04763408550204137,-0.03260379583348402,-0.05879717583914961,-0.045672171920738656,-0.05294659841546254,-0.032604932263104194,-0.045335630601632454,-0.04638285985523049,-0.0046058204545428435,0.04454874511374708,-0.014342901245683666,-0.01646140936871568,-0.021219231575682812,-0.012107814914055213,-0.02304029692566611,-0.015709284858147772,-0.015893712784933376,-0.02032585754333977,-0.01237048967425574,-0.018844781882384438,-0.015361881033322507,-0.0170750024161129,-0.016342587981700577,-0.0038340788883994116,-0.01180842105673309,-0.008493957051649905,-0.00549059103374618,0.06300960130641992,-0.009467916146361489,-0.0332512166718517,-0.053012815786116545,-0.048721474820407035,-0.05074336365006455,-0.019811989264806706,1.0,-0.01180842105673309,-0.014956103152525645,-0.06305032765432718,0.03183975088801418,-0.016648172055657426,-0.014955865134798454,0.018434998774663945,-0.053409112817086275,-0.05879717583914961,-0.045335630601632454,-0.0078853242622254,-0.0027607884004428136,-0.004519822361507135,-0.0021897925760420694,-0.0443813431278556,-0.023481124327094458,-0.03946866827522097,0.004805923051256158,-0.006319921329470329,-0.007061994201958921,-0.008570510743150914,-0.005037734313183331,-0.01589085512438824,-0.004651547270829821,-0.015985763111875884,-0.015469726979433917
SYN Flag Cnt,0.1567960693037411,-0.10103080387925928,-0.009250184149508522,0.02723389785414942,0.030256823201864375,-0.0032536173798372627,0.03627671716128606,-0.09641288178953074,-0.06910659367088842,-0.0627271992420516,-0.06785618280746852,-0.13984337015776993,-0.0782442293788308,-0.10926275811634323,-0.12428544568695371,0.24759633052762187,0.10101050622743665,-0.021800538282107203,0.06866629129417405,0.003193670596157947,-0.033698464373899055,-0.007532809926125853,-0.016430933819140913,0.06759511710217621,0.006457269724222794,-0.031346590433051165,-0.01404050871621144,0.019184744074561378,-0.017294180322475785,-0.012649101707586307,0.03490317199924885,1.0,0.021390047560601685,0.027423739502244287,0.12862280005304683,0.006973286103117232,-0.08663901818666958,-0.1239595798462546,-0.0700926294675204,-0.10424691138686432,-0.0478866839403722,-0.01180842105673309,1.0,-0.04228756379599124,-0.17827135356379245,0.32382840585181977,-0.03344523285215448,-0.04228689081388507,-0.14343162370576595,-0.07043212797386611,-0.06272719924205163,-0.10926275811634328,0.02723389785414942,-0.0032536173798372627,0.030256823201864375,0.03627671716128607,-0.1120860964851127,-0.06983424782082527,-0.07031821793654007,0.013588484617685588,-0.00011419021938322882,-0.010112065839318266,-0.005778184092715032,0.0011932821055503037,0.034738340871537356,0.009685989432160777,0.0349102405425323,0.033423415349856746
RST Flag Cnt,-0.03873732459310385,-0.12796182632218064,-0.056454457228991305,0.007286183361672879,-0.0024321592560875146,0.01119703380433075,-0.005571003314146679,0.34439319655379336,-0.1167586326466497,0.338727076293444,0.39008177898547464,0.3234047856074544,-0.11681436678852015,0.13110764920600418,0.3141897718030808,-0.016432897466372907,-0.04943571960853117,-0.04827923088246071,-0.02770178386344126,-0.05009352056404303,-0.04562194242670218,-0.055752395246976116,-0.049312108758919365,-0.021120216115805595,-0.0459633638827705,-0.04594947767117156,-0.034789161368948905,-0.005393379323198002,-0.009991740278968863,-0.010956246263483817,0.0035082077528109995,-0.04228756379599124,0.0015876560995350918,-0.004385054698160344,-0.043067340765179936,-0.04310554971654312,-0.11907713483028312,0.31650890822132954,0.1661293956436004,0.27167529345345337,0.10019538179549976,-0.014956103152525645,-0.04228756379599124,1.0,0.23720896796164342,-0.13056999632343183,-0.059619371168075766,0.9999840855786768,-0.1359367172259316,0.15841440702759768,0.338727076293444,0.1311076492060042,0.007286183361672879,0.01119703380433075,-0.002432159256087516,-0.005571003314146677,0.00010021091821347688,0.6204040043003866,0.06664712868137374,0.019361968226374943,0.02480904760376423,-0.013867613586023465,0.00915422057230568,0.028096332362644676,-0.04994202193519893,-0.008100617685307121,-0.04950788097809754,-0.04920459187914984
PSH Flag Cnt,-0.3113694736171919,-0.5394476752787799,0.13863169238891931,0.10384349297299421,0.052809309190706005,0.038984515168838094,0.01691141712433985,0.6599784969260755,-0.49221845889710414,0.48782896084189475,0.6853330119254886,0.7312938902711565,-0.4924534168851923,0.40321208816224374,0.7265614377423728,-0.05472074230691166,-0.004809097148732814,-0.1737553172828867,0.1592605349285442,0.013949579816021651,-0.19156654230230769,0.1297586039254285,-0.15523123076119497,0.18897803924916137,0.0017041683064724618,-0.19464810782411104,0.2509526968897362,0.16404791379124958,0.24836163170813505,0.22669853552960126,-0.013997820655075507,-0.17827135356379245,0.12356568316917635,0.07077518285634496,-0.048578020207532664,0.08442378451803839,-0.5019925505073721,0.722155557283966,0.4378078635760956,0.6645819950489706,0.2986259052895629,-0.06305032765432718,-0.17827135356379245,0.23720896796164342,1.0,-0.5498225970934655,-0.2513369190060142,0.23720519291818487,-0.07952313784377499,0.3866721821018744,0.48782896084189487,0.4032120881622437,0.10384349297299421,0.038984515168838094,0.052809309190706,0.01691141712433985,0.5670472258679833,0.3716272418690495,0.5719090449840484,0.6044547310845733,0.0719515656925198,0.0902429393402518,0.10247853955071488,0.055864511414378544,0.06885613475359732,0.04865029017312573,0.07169946405785918,0.06318471145892987
ACK Flag Cnt,0.5780621439309294,-0.31198870158874,-0.029109923215921815,-0.041774367226150466,-0.01908173888983781,-0.02067476841254413,0.0012593116464923314,-0.38568466490995107,-0.2734203080177759,-0.44742421858632564,-0.35275591945665563,-0.4509745067160823,-0.27872035121162336,-0.38103239233444397,-0.3948666320951884,0.08258179629491205,0.12668826984523024,0.21514054820935288,-0.04927552164882716,0.09136218232386535,0.2183361810794997,-0.026355753503499644,0.20348609166187673,-0.07750771500669665,0.0954154568289853,0.21878605516982313,-0.11299230387541104,-0.0712229882391917,-0.1265937673406585,-0.11421825386174238,0.017464123318668756,0.32382840585181977,-0.04899961264817411,-0.027038409018656763,0.15922173456608568,0.0129346407532516,-0.2871541719238318,-0.43987553066411805,-0.3829972090995483,-0.4114717457391572,-0.16333091432215271,0.03183975088801418,0.32382840585181977,-0.13056999632343183,-0.5498225970934655,1.0,0.456551387457213,-0.13058425403618643,-0.2560495738090542,-0.41767755850146726,-0.44742421858632575,-0.38103239233444386,-0.041774367226150466,-0.02067476841254413,-0.019081738889837805,0.0012593116464923305,-0.22685999565280934,-0.18775277211024308,-0.30611654750341105,0.11018117722042188,-0.036210194419543394,-0.04421963106707165,-0.04970170813222982,-0.028437005103543505,-0.05858945400158166,-0.023429911154705437,-0.059316963752753644,-0.056617699608485554
URG Flag Cnt,0.4131586011774627,-0.14243887458131693,-0.09126460807368186,-0.034306442789678294,-0.017540364824003705,-0.010950834901443914,-0.008729075332044754,-0.18923160939305814,-0.12370518985167311,-0.23095889326566127,-0.1817439386437665,-0.2110084827571678,-0.13003023963093518,-0.1806499224572722,-0.1847890304133823,-0.018121161297435632,0.07857807013447449,-0.05433302050304242,-0.060889079371119245,-0.08049958396596424,-0.046504700149973786,-0.08854608616115238,-0.060068064724433295,-0.06052238158711584,-0.07730678418436324,-0.047472271728401204,-0.07489360790640187,-0.05863629163752308,-0.06815766461268725,-0.06444702968897445,-0.011696068918292493,-0.03344523285215448,-0.03531169700603982,-0.020928112818250952,0.03986846538341497,0.1255874916580849,-0.12783754859270985,-0.21089898254078343,-0.1925962252979125,-0.20186123248127658,-0.07894573826743623,-0.016648172055657426,-0.03344523285215448,-0.059619371168075766,-0.2513369190060142,0.456551387457213,1.0,-0.05961842236028576,0.17124996021873962,-0.21072149193932901,-0.23095889326566127,-0.18064992245727218,-0.034306442789678294,-0.010950834901443914,-0.017540364824003705,-0.008729075332044756,-0.1228761051144852,-0.054644331246147614,-0.15551594333623142,0.139645928880429,-0.01528471617119209,-0.028151160046144368,-0.02639097466529872,-0.009774480157123304,-0.06128489353955863,-0.008149788810575659,-0.0599217864412353,-0.06087154582856747
ECE Flag Cnt,-0.03874746002570078,-0.12795978988375875,-0.05645337041620663,0.007287088095213951,-0.0024316588649306537,0.011197492615751434,-0.005570846044572316,0.3444032753173445,-0.11675677450057263,0.3387382822502138,0.39009229950461133,0.3234151376191705,-0.11681250775547135,0.1311144289156334,0.31419928178959716,-0.016432633743965298,-0.04943493262073053,-0.04828025184156153,-0.027700365155473645,-0.05009328475669213,-0.04562318473647213,-0.05575138243698075,-0.049312981305194396,-0.021118771985131735,-0.045963189296849234,-0.04595068268964685,-0.034787618388137626,-0.005391789754399227,-0.009990033296373779,-0.010954632056074238,0.003508676282285062,-0.04228689081388507,0.0015885073271229909,-0.004384477315833275,-0.04306665521259098,-0.0431048633928728,-0.11907523978659156,0.3165191697290256,0.16613704331999524,0.27168466891871945,0.10019895773727505,-0.014955865134798454,-0.04228689081388507,0.9999840855786768,0.23720519291818487,-0.13058425403618643,-0.05961842236028576,1.0,-0.13593200449253898,0.15842245176613728,0.33873828225021374,0.13111442891563344,0.00728708809521395,0.011197492615751434,-0.002431658864930654,-0.005570846044572316,0.00010034080135306132,0.620415594810459,0.06665235380360142,0.019358634087613152,0.024810109958509276,-0.013867047810388099,0.009155297453645532,0.02809730395827329,-0.04994099697788392,-0.008100230246902275,-0.04950684001946749,-0.04920360166541491
Down/Up Ratio,-0.14829436633898896,0.38591512551459484,-0.08218499013688259,0.029482329594492776,0.1314247490210159,0.0018402432306826846,0.12312562557541681,-0.14659331588613272,0.32888134398785196,-0.059734040881429015,-0.17505455061140646,-0.09479019199082327,0.35904364338096856,0.12034956707265988,-0.13215904734512837,-0.0083348971361094,0.0361552265255559,-0.19299365713808841,-0.025762416451792267,-0.11637292353818807,-0.1873028406712978,-0.09983691938245344,-0.19613957031668108,-0.036135747633127886,-0.14179081901610985,-0.18358467233846168,0.02809100144885225,-0.00717486074053784,0.03829428406704115,0.08088921132778579,0.006604246065587345,-0.14343162370576595,0.03168066470142765,0.12891518079515019,-0.02308977878613999,0.14050397412701196,0.3316315017569725,-0.10041247135335635,0.1303323115103762,-0.04735317554206107,0.005460105309264574,0.018434998774663945,-0.14343162370576595,-0.1359367172259316,-0.07952313784377499,-0.2560495738090542,0.17124996021873962,-0.13593200449253898,1.0,0.16186524804310745,-0.059734040881429015,0.1203495670726599,0.029482329594492776,0.0018402432306826866,0.1314247490210159,0.12312562557541681,-0.04984054247941903,-0.23151300837819147,-0.0786011954639065,-0.09766969189692165,0.10429167429421012,0.04306308662876226,0.09467528749699915,0.09681558104908443,-0.022782628514258853,0.04206833502124969,-0.018078793787413377,-0.027195802163921565
Pkt Size Avg,-0.24733891534328017,0.013981586044626551,0.27230039787001165,0.2547399118668035,0.25914956560880703,0.07657593123288774,0.23629080530176333,0.5205422533072755,0.06691292845303133,0.5682396873592959,0.5423461023311241,0.7084515222563769,0.06778995026945557,0.9636370049785665,0.7119317420434256,-0.017662303718189148,-0.16423715177957554,-0.1373774944170109,0.2263195884107816,0.17618566584384052,-0.15284514447983347,0.26763266009563264,-0.10797972921006661,0.33214526046990467,0.17464015963914123,-0.15469554919671935,0.3564340767917994,0.09013269494241181,0.276514151458566,0.36778292869189955,-0.0261539477426049,-0.07043212797386611,0.24301210753185556,0.26289104078222963,-0.14097865692879347,-0.14740173473995066,0.06102596340820097,0.7079631730031645,0.9931444532574311,0.8498908924445242,0.5713378222381861,-0.053409112817086275,-0.07043212797386611,0.15841440702759768,0.3866721821018744,-0.41767755850146726,-0.21072149193932901,0.15842245176613728,0.16186524804310745,1.0,0.5682396873592959,0.9636370049785665,0.2547399118668035,0.07657593123288774,0.259149565608807,0.2362908053017633,0.06544729948469964,0.2544776438847928,0.3808579341047991,-0.07039538738891754,0.13700161313582138,0.20780743846020475,0.2073407357947589,0.09634281148958015,0.2222562435749062,0.10861454998848609,0.22745468996770152,0.21116173106624958
Fwd Seg Size Avg,-0.24190008781718791,-0.06555875419025457,0.017326311420770013,0.06547228445131638,0.02771117404893277,0.3563371751538032,-0.01059564985689664,0.8500060406489408,0.03352636225239951,1.0,0.8799688089911103,0.6816965936655719,-0.048986931307126294,0.43068982875049083,0.6371985570165807,-0.010728328742955501,-0.17748814129789017,-0.15986243274219822,0.0897949678648883,-0.011403333832942508,-0.16567548837670554,0.018695126648074864,-0.14645314944831217,0.1422636017480951,-0.0039944103985677945,-0.16722422243232785,0.0727941606526104,0.031418369930135026,0.08791224855183503,0.08339286295822397,-0.01679580190056476,-0.06272719924205163,0.07253669754946283,0.03978178545012464,-0.15279660192557365,-0.15840900799932317,0.014426677774658338,0.7445360442524086,0.5575171855670288,0.6660605310852813,0.5194666889062962,-0.05879717583914961,-0.06272719924205163,0.338727076293444,0.48782896084189487,-0.44742421858632575,-0.23095889326566127,0.33873828225021374,-0.059734040881429015,0.5682396873592959,1.0,0.43068982875049083,0.06547228445131638,0.3563371751538032,0.027711174048932766,-0.010595649856896646,0.21561903665452195,0.5093242442029453,0.5118408964810388,0.052882174980967867,0.0629704406939377,0.06156118956872777,0.07870011913384416,0.05155233231562875,-0.008364213715016926,0.03165134631603265,-0.004913774953700743,-0.0120211993512911
Bwd Seg Size Avg,-0.2280389789725629,-0.04719687218895184,0.31006774172691326,0.24568016353847894,0.2342266125226713,0.032605988364925696,0.21442674978775525,0.44927493892460996,-0.03697959633428741,0.43068982875049083,0.4760123224756223,0.7191121266545905,0.026949792446394137,1.0,0.7501194195477024,-0.03604247232485659,-0.1477399996006175,-0.11903749180806728,0.26071271140289615,0.2093432708021251,-0.13827011666836547,0.30555856015399596,-0.08679938300070604,0.3689628059035578,0.20769633317895786,-0.1399807892334478,0.3885322144209788,0.11644454797527336,0.31723573847772574,0.3971848578059226,-0.025183250968025147,-0.10926275811634328,0.23181936143520446,0.23704825836820437,-0.1292935626397857,-0.12765294737494703,-0.03631636836038665,0.7039369449427062,0.9664011949564579,0.868022806081903,0.5705174607095784,-0.045335630601632454,-0.10926275811634328,0.1311076492060042,0.4032120881622437,-0.38103239233444386,-0.18064992245727218,0.13111442891563344,0.1203495670726599,0.9636370049785665,0.43068982875049083,1.0,0.24568016353847894,0.032605988364925696,0.2342266125226713,0.21442674978775525,0.06632091583584289,0.21623650042364315,0.34321628343096106,-0.035323552352983165,0.1267783512498374,0.20910558345168437,0.2002760002801523,0.08569253861280388,0.24629447084661443,0.10836043714126187,0.2506998838887579,0.23524321807385615
Subflow Fwd Pkts,-0.03946537881619516,-0.07297814110373145,0.11357215589558842,1.0,0.8913396167016007,0.05277585757228324,0.8839614441201828,0.14427265337033154,-0.0652292209271226,0.06547228445131638,0.09917474163066718,0.16298094952318834,-0.0515412229813099,0.24568016353847905,0.10183940094639074,-0.006604911109571983,-0.026854593989256468,-0.01877503157944474,0.028806353362162734,0.0514911608157228,-0.021489890082122886,0.10742140455007526,-0.014360025799050638,0.04034104102123634,0.04023423721439608,-0.021686853527309206,0.1398618908958131,0.023989085026791274,0.04511816684847828,0.10841500879301309,-0.003480630974176991,0.02723389785414942,0.9861976873354228,0.8937321857392104,-0.0226344610013409,-0.024934538011076385,-0.06674656101383103,0.1651594869476901,0.27068264618354837,0.18307698805207612,0.13751580741851552,-0.0078853242622254,0.02723389785414942,0.007286183361672879,0.10384349297299421,-0.041774367226150466,-0.034306442789678294,0.00728708809521395,0.029482329594492776,0.2547399118668035,0.06547228445131638,0.24568016353847894,1.0,0.05277585757228324,0.8913396167016007,0.8839614441201828,0.0733123232447206,0.011859570833518114,0.25078542384143626,0.07248122346518046,0.08970533063211422,0.09815103282911032,0.12296131588238618,0.07049927739159345,0.07345375674201983,0.03640867266468124,0.07527737651668454,0.0693517967636253
Subflow Fwd Byts,-0.012379340173428408,-0.02135286390191761,0.01400627805907618,0.05277585757228324,0.05475163004917907,1.0,0.016587165687655885,0.3292825143053259,-0.017874715252148968,0.3563371751538032,0.2550591453356624,0.05191560360042666,-0.019079131859136435,0.03260598836492569,0.03992842985017976,0.005342265862643937,-0.008929676902596087,-0.007700646771351163,0.008059746159168628,0.005239868118168474,-0.008306682884856392,0.014104160574681925,-0.006539203131518129,0.012103996817811867,0.005713022208216725,-0.00843422943967886,0.018808893006913026,0.0046553063831160655,0.010674466142824806,0.014299134321595791,-0.0015005688007326623,-0.0032536173798372627,0.04853058617123619,0.06211424565012157,-0.0077664866099750205,-0.007811912400982346,-0.019451899488610334,0.20631152181573625,0.0806190125240326,0.11867038735090585,0.6819269159371529,-0.0027607884004428136,-0.0032536173798372627,0.01119703380433075,0.038984515168838094,-0.02067476841254413,-0.010950834901443914,0.011197492615751434,0.0018402432306826866,0.07657593123288774,0.3563371751538032,0.032605988364925696,0.05277585757228324,1.0,0.054751630049179066,0.016587165687655885,0.030504175384800332,0.01680455560054926,0.29145446736449754,0.024543953345886427,0.011912826948164403,0.016410837710441422,0.017980752432229935,0.008812691505954507,0.006891526152291595,0.005553765793110382,0.007279649091244607,0.006271805436479989
Subflow Bwd Pkts,-0.024827617922365926,-0.03672661558861638,0.0929170418502736,0.8913396167016007,1.0,0.054751630049179066,0.9973538585711762,0.0826805155093441,-0.03367412416130008,0.027711174048932766,0.04912968971247574,0.10453624516905712,-0.01975943752925406,0.2342266125226713,0.04900534161636445,-0.003793940255386638,-0.015057264301955468,-0.014331728766397897,0.014438858873167324,0.05047393949104961,-0.015091022641647396,0.08287350454195254,-0.012104249772380319,0.022530468367617434,0.03173389519172497,-0.015177201153750921,0.11498014873770361,0.008268900698296132,0.025174112655552534,0.09993411432124377,-0.0024749845553435996,0.030256823201864375,0.8938447517069308,0.9992958521850474,-0.013412167026189931,-0.012541063339033506,-0.034378486490524836,0.1083722863339977,0.27185056929351675,0.13385501096597094,0.11984307476853032,-0.004519822361507135,0.030256823201864375,-0.002432159256087516,0.052809309190706,-0.019081738889837805,-0.017540364824003705,-0.002431658864930654,0.1314247490210159,0.259149565608807,0.027711174048932766,0.2342266125226713,0.8913396167016007,0.054751630049179066,1.0,0.9973538585711765,0.02928026438823602,-0.0010922135444319065,0.17247544973244716,0.03172240981747322,0.09492743931234517,0.08690370818680247,0.12073911992361573,0.07819859087752082,0.06894035438409232,0.030587694183163615,0.07027140955749925,0.06566807882520358
Subflow Bwd Byts,-0.011977457098653646,-0.0183191291367298,0.07723535149564809,0.8839614441201828,0.9973538585711765,0.016587165687655885,1.0,0.030802683852962445,-0.01671313131822234,-0.010595649856896646,0.007470551855489956,0.06314472862136923,-0.002955650150608054,0.2144267497877553,0.015558935429537457,-0.0015585380672396311,-0.007224136028418335,-0.0069697106988772005,0.006123633758263271,0.047662625294061865,-0.006681923865718545,0.06711217383176349,-0.0063084290428872085,0.011837904743219291,0.028594957620183426,-0.006810794626087332,0.0922234583520025,-0.0019365517973933479,0.010950394144103454,0.08414042840387445,-0.0019341537471807408,0.03627671716128607,0.8849444799972762,0.9945976192726853,-0.006299693678631735,-0.006286756472371841,-0.017043738052904323,0.06196375570152058,0.24641966941038082,0.09795018931706834,0.08313346288896896,-0.0021897925760420694,0.03627671716128607,-0.005571003314146677,0.01691141712433985,0.0012593116464923305,-0.008729075332044756,-0.005570846044572316,0.12312562557541681,0.2362908053017633,-0.010595649856896646,0.21442674978775525,0.8839614441201828,0.016587165687655885,0.9973538585711765,1.0,-0.00032453183472339666,-0.005508571885133515,0.11000856878435915,0.0047042947992077125,0.08688947755475913,0.0745694600462256,0.10807927994108944,0.07256364085240295,0.06065487125353216,0.02539052586147416,0.061679573987218114,0.05801595006570666
Init Fwd Win Byts,-0.10593277992144316,-0.3799219887142901,-0.03887072015769801,0.0733123232447206,0.02928026438823602,0.030504175384800332,-0.00032453183472339666,0.4116053491189261,-0.3459109445485601,0.21561903665452195,0.3368416003119535,0.36224774485881406,-0.34656641443187836,0.06632091583584289,0.2960629466070745,-0.037945013280210466,0.0907225471208726,-0.07518040629255927,-0.00926608642513505,-0.05045942688234925,-0.07287130384386464,-0.03865189452095036,-0.07501267202877106,0.002899220125275466,-0.0496284592734154,-0.07532752165249036,0.00032205641166972005,-0.011488955541187392,0.00039558383126958536,-0.002162106067901388,-0.015241824495085123,-0.1120860964851127,0.105543789831312,0.04995720106758362,0.034993503818422936,0.16703119100144068,-0.35320568508229744,0.35644888234888117,0.10810482274309205,0.24938445834471357,0.07925177406822259,-0.0443813431278556,-0.1120860964851127,0.00010021091821347688,0.5670472258679833,-0.22685999565280934,-0.1228761051144852,0.00010034080135306132,-0.04984054247941903,0.06544729948469964,0.21561903665452195,0.06632091583584289,0.0733123232447206,0.030504175384800332,0.02928026438823602,-0.00032453183472339666,1.0,0.13849565135909686,0.4930169136013835,0.6296102783971038,0.002595234498699474,-0.0028724452164526656,0.0013031091408701497,0.0035009312180304454,-0.004653191308554478,-0.005929669443696504,-0.0052912902773955455,-0.003930681358287724
Init Bwd Win Byts,-0.0395936198575334,-0.2151699187437718,-0.07264971097669672,0.011859570833518114,-0.0010922135444319065,0.01680455560054926,-0.005508571885133515,0.5032681313113063,-0.1962618243849544,0.5093242442029453,0.5854148170876295,0.4878559841953781,-0.1962534569740942,0.2162365004236432,0.48865889995403766,-0.027219200779520517,-0.08021752011352606,-0.07964178073960304,-0.035947146140028655,-0.0805479371922359,-0.07673254204661425,-0.06922601359663066,-0.07860978529459016,-0.021249095777262965,-0.07165742837715981,-0.07779770458378811,-0.0346192491358154,-0.0036909545962168235,-0.01320187737298351,-0.017967568514983163,0.004139062254473164,-0.06983424782082527,0.002670778415559799,-0.004554666547182969,-0.07053695782375528,-0.0686417953922052,-0.2002297516997827,0.47857368007516204,0.2675935591718083,0.42487094303037565,0.16760380738805414,-0.023481124327094458,-0.06983424782082527,0.6204040043003866,0.3716272418690495,-0.18775277211024308,-0.054644331246147614,0.620415594810459,-0.23151300837819147,0.2544776438847928,0.5093242442029453,0.21623650042364315,0.011859570833518114,0.01680455560054926,-0.0010922135444319065,-0.005508571885133515,0.13849565135909686,1.0,0.09404203192584919,0.03203418537333044,0.01983857105794389,-0.023612091848216245,0.003299942886922386,0.025621883309573663,-0.07243603389480008,-0.018275811819900834,-0.07266234289960814,-0.07098345830795297
Fwd Act Data Pkts,-0.19172567721841202,-0.3136127218414814,0.24941305757286308,0.25078542384143626,0.17247544973244716,0.29145446736449754,0.11000856878435915,0.7608473205790885,-0.2854248010915631,0.5118408964810388,0.6007724126732275,0.6765318104026583,-0.28830298686214556,0.343216283430961,0.5412243393879377,-0.033694216436254976,-0.12710591920425127,-0.10309331971429261,0.11652109570533475,0.03635723373779591,-0.11964919244789698,0.25339866350253726,-0.07859487301845564,0.1546905622187584,0.04474915022481074,-0.11980500531023727,0.3476136885498882,0.15353831306811927,0.18412966261838856,0.2079028797427493,-0.012621365745207936,-0.07031821793654007,0.27537278259160575,0.20478108626295752,-0.10952282982148194,-0.11324409650337747,-0.29296272415095237,0.7046139341682965,0.4247675687264495,0.5598981605757627,0.3676927840301064,-0.03946866827522097,-0.07031821793654007,0.06664712868137374,0.5719090449840484,-0.30611654750341105,-0.15551594333623142,0.06665235380360142,-0.0786011954639065,0.3808579341047991,0.5118408964810388,0.34321628343096106,0.25078542384143626,0.29145446736449754,0.17247544973244716,0.11000856878435915,0.4930169136013835,0.09404203192584919,1.0,0.44916640957644743,0.09090006287348969,0.16286549264207473,0.1685211063676708,0.061998848740809964,0.11448385853892455,0.06621613754818367,0.11822524749579884,0.10514895693007938
Fwd Seg Size Min,0.0279636554085274,-0.6762449463094686,-0.06372306005042273,0.07248122346518046,0.03172240981747322,0.024543953345886427,0.0047042947992077125,0.3322942308280939,-0.6252142137188851,0.052882174980967867,0.2841904338044028,0.2824048980611619,-0.6284344094462603,-0.03532355235298317,0.2547359146855654,-0.009162917844181709,0.2652862129221734,-0.10479489337895731,0.002405094282140908,-0.06753573495921683,-0.10477571807036011,-0.06589701245479898,-0.10571586582669251,0.009565798916127622,-0.07084276914457446,-0.10847123867470503,0.021296970661741858,-0.000416061000548625,0.021290642510347988,0.015862700035306616,-0.021699895231672952,0.013588484617685588,0.10721452200301948,0.05229925904181394,0.1767146921779636,0.33991484614454026,-0.6423431643996624,0.27887534885141624,0.00515680176122423,0.18370237118816235,0.06729350249356696,0.004805923051256158,0.013588484617685588,0.019361968226374943,0.6044547310845733,0.11018117722042188,0.139645928880429,0.019358634087613152,-0.09766969189692165,-0.07039538738891754,0.052882174980967867,-0.035323552352983165,0.07248122346518046,0.024543953345886427,0.03172240981747322,0.0047042947992077125,0.6296102783971038,0.03203418537333044,0.44916640957644743,1.0,0.006118115159762065,0.0018339174572918045,0.006424160057414658,0.006217143789041122,-0.1030119493666604,-0.00026412834960334663,-0.10082609731422536,-0.10450229081760312
Active Mean,-0.012228276359618345,-0.05426450481505689,0.16528698377656617,0.08970533063211422,0.09492743931234517,0.011912826948164403,0.08688947755475913,0.06829016358423443,-0.04445958623712337,0.0629704406939377,0.07715325491012821,0.09171169754855409,-0.05011870166074949,0.12677835124983747,0.08338569734632795,-0.007149023481293629,-0.021623334500670173,0.0022910441669571967,0.14841847057334076,0.15171524015084012,-0.017630753014093465,0.1366880340534935,0.005339267668075778,0.13761381373988874,0.12172909415455592,-0.01636392703192258,0.1640289699950674,0.0949916068499876,0.16517008062713706,0.2304148395102692,0.012752146903377583,-0.00011419021938322882,0.08232157802785987,0.09419341233783766,-0.018837567922470027,-0.0188549346078624,-0.04546661241261474,0.09319151916360882,0.14661864487578558,0.11295886596543958,0.07869233809943502,-0.006319921329470329,-0.00011419021938322882,0.02480904760376423,0.0719515656925198,-0.036210194419543394,-0.01528471617119209,0.024810109958509276,0.10429167429421012,0.13700161313582138,0.0629704406939377,0.1267783512498374,0.08970533063211422,0.011912826948164403,0.09492743931234517,0.08688947755475913,0.002595234498699474,0.01983857105794389,0.09090006287348969,0.006118115159762065,1.0,0.264762746360864,0.8743676896804433,0.9705066597836627,0.1867722387207031,0.18325963834925837,0.205341213099302,0.1692017255738141
Active Std,-0.037797085393640135,-0.06460070214741379,0.3243216829026219,0.09815103282911032,0.08690370818680247,0.016410837710441422,0.0745694600462256,0.10279497499849904,-0.055067454146771284,0.06156118956872777,0.10959641598386972,0.1527308028454306,-0.054987664829464156,0.2091055834516844,0.15364372068838053,-0.007752066747145842,-0.023346093232704205,0.00031652250318788667,0.18300661056771628,0.16950090158216502,-0.02077118843554181,0.3181684557739287,0.02201159779418045,0.21763173621645018,0.16515467309431625,-0.02034499218145091,0.37015686933974773,0.17002251893186543,0.26925157586458054,0.3027288542119183,0.003892248721379568,-0.010112065839318266,0.08602147014400285,0.0878248955805054,-0.02033815955113173,-0.02035757361020032,-0.056163844984916556,0.15577327259920348,0.22043790808573424,0.19402377941155158,0.134652686343915,-0.007061994201958921,-0.010112065839318266,-0.013867613586023465,0.0902429393402518,-0.04421963106707165,-0.028151160046144368,-0.013867047810388099,0.04306308662876226,0.20780743846020475,0.06156118956872777,0.20910558345168437,0.09815103282911032,0.016410837710441422,0.08690370818680247,0.0745694600462256,-0.0028724452164526656,-0.023612091848216245,0.16286549264207473,0.0018339174572918045,0.264762746360864,1.0,0.6224055094626211,0.03418109287058028,0.21777815588474622,0.21627458135063501,0.23635205543349094,0.19594760267636735
Active Max,-0.029435565968483318,-0.07503076236873564,0.30368982630194347,0.12296131588238618,0.12073911992361573,0.017980752432229935,0.10807927994108944,0.11017423870338042,-0.06306588513113066,0.07870011913384416,0.12200761489569259,0.14526086874825864,-0.06745026886841408,0.2002760002801523,0.14076433270905025,-0.009574534855472891,-0.02890614572044309,0.001628419634446957,0.18463676190893483,0.16719381333499567,-0.02453213558298405,0.2801894279004711,0.015482669147894864,0.184318491216404,0.1434224594489803,-0.023484363131493168,0.329768461043688,0.16309224374807754,0.22467643398349582,0.2746463267385605,0.010126829114001276,-0.005778184092715032,0.11129505690242501,0.12133829234497695,-0.025182005351228973,-0.0252055757013205,-0.06441722766821345,0.1484067620604812,0.22141925474965843,0.18440501425429742,0.12723900115102357,-0.008570510743150914,-0.005778184092715032,0.00915422057230568,0.10247853955071488,-0.04970170813222982,-0.02639097466529872,0.009155297453645532,0.09467528749699915,0.2073407357947589,0.07870011913384416,0.2002760002801523,0.12296131588238618,0.017980752432229935,0.12073911992361573,0.10807927994108944,0.0013031091408701497,0.003299942886922386,0.1685211063676708,0.006424160057414658,0.8743676896804433,0.6224055094626211,1.0,0.7709419487609069,0.21392628751676787,0.1990272480670245,0.23298749538005126,0.19307792874592286
Active Min,-0.004631632955966746,-0.04222528267209786,0.10255940545212472,0.07049927739159345,0.07819859087752082,0.008812691505954507,0.07256364085240295,0.049824998562590615,-0.034280515710560636,0.05155233231562875,0.05776712230711484,0.06157627197771073,-0.04019232519493255,0.08569253861280388,0.05321829777676177,-0.005750988951294324,-0.017414011716634217,0.002240673448498467,0.10898110832571317,0.11230994593688362,-0.01384900966008583,0.0746504885887186,0.0007992137121136819,0.0882376015297894,0.08261060127408584,-0.012664569748800094,0.09215052219945061,0.06239288893365285,0.10380369134397888,0.16020342165017373,0.012081539412600345,0.0011932821055503037,0.06565920430923096,0.07739944992912373,-0.015170580750639914,-0.015184440133642792,-0.035089679197570854,0.062471589293220206,0.10361233210818907,0.07504974630754993,0.052255360531178116,-0.005037734313183331,0.0011932821055503037,0.028096332362644676,0.055864511414378544,-0.028437005103543505,-0.009774480157123304,0.02809730395827329,0.09681558104908443,0.09634281148958015,0.05155233231562875,0.08569253861280388,0.07049927739159345,0.008812691505954507,0.07819859087752082,0.07256364085240295,0.0035009312180304454,0.025621883309573663,0.061998848740809964,0.006217143789041122,0.9705066597836627,0.03418109287058028,0.7709419487609069,1.0,0.13724837808507878,0.13014846725212717,0.15121108892125112,0.1247646704228276
Idle Mean,-0.06427911780987154,-0.18687839091987293,0.7227790050585617,0.07345375674201983,0.06894035438409232,0.006891526152291595,0.06065487125353216,0.043994570565415156,-0.08710331578347338,-0.008364213715016926,0.04364046778455346,0.18883652516259827,-0.11387285707719064,0.24629447084661443,0.20416212398810057,-0.017694457001345965,-0.05313687261270366,0.3968432401911851,0.6415976970722027,0.7392580960524925,0.31720624055233493,0.7026174857252627,0.42603082422083965,0.6213465594982063,0.7083423465892816,0.33026310106465445,0.555613518466568,0.4412913766880032,0.6652238705285807,0.7299303649556491,0.1539946304264943,0.034738340871537356,0.059225421431940484,0.06725757881406233,-0.04629033119429654,-0.04633552036177045,-0.0889678691030907,0.1902682462072045,0.24046419782314793,0.23308668305693928,0.17553047523183818,-0.01589085512438824,0.034738340871537356,-0.04994202193519893,0.06885613475359732,-0.05858945400158166,-0.06128489353955863,-0.04994099697788392,-0.022782628514258853,0.2222562435749062,-0.008364213715016926,0.24629447084661443,0.07345375674201983,0.006891526152291595,0.06894035438409232,0.06065487125353216,-0.004653191308554478,-0.07243603389480008,0.11448385853892455,-0.1030119493666604,0.1867722387207031,0.21777815588474622,0.21392628751676787,0.13724837808507878,1.0,0.17407821971282567,0.9940386350051547,0.9943017600278906
Idle Std,-0.01004503050366086,-0.03581295886449424,0.1708791387834778,0.03640867266468124,0.030587694183163615,0.005553765793110382,0.02539052586147416,0.03720546767431493,-0.02634287287674675,0.03165134631603265,0.036662996125826394,0.08474620500437431,-0.03612571493143228,0.10836043714126191,0.08830238498055001,-0.005117034046739728,-0.015377587110741026,0.013481583829318055,0.2050010824192996,0.20704724227315832,-0.011857654120240762,0.15618000057895368,0.02443062466569763,0.21593505938337687,0.19250007826466006,-0.009671315027533243,0.16218494178702744,0.1253906618155625,0.23257045379633495,0.30830106092898374,0.030090667205181647,0.009685989432160777,0.03022173137281034,0.030092891761659045,-0.013396255940682328,-0.013409246367891144,-0.02682511870501263,0.08523163149081978,0.11508993652471847,0.10400653193262648,0.07412898188016746,-0.004651547270829821,0.009685989432160777,-0.008100617685307121,0.04865029017312573,-0.023429911154705437,-0.008149788810575659,-0.008100230246902275,0.04206833502124969,0.10861454998848609,0.03165134631603265,0.10836043714126187,0.03640867266468124,0.005553765793110382,0.030587694183163615,0.02539052586147416,-0.005929669443696504,-0.018275811819900834,0.06621613754818367,-0.00026412834960334663,0.18325963834925837,0.21627458135063501,0.1990272480670245,0.13014846725212717,0.17407821971282567,1.0,0.27676987675925957,0.07196044440400115
Idle Max,-0.063002293235595,-0.18603898845593722,0.7230192592972404,0.07527737651668454,0.07027140955749925,0.007279649091244607,0.061679573987218114,0.04628368254645209,-0.08751420392060799,-0.004913774953700743,0.04594428330515495,0.19223585417260383,-0.11483940913728237,0.25069988388875786,0.2074861306386715,-0.017793809586516957,-0.05343615620658584,0.38899160739912075,0.6484647192193211,0.7438537647919681,0.30842578593983655,0.7014818421487604,0.4184013454247205,0.6292674264496256,0.7118299795028724,0.32136074091627576,0.5577507593274088,0.4426398380082858,0.6727502081193591,0.7439085873400103,0.15286253037407538,0.0349102405425323,0.06074027142428639,0.06856050115733371,-0.04655105539457058,-0.046596491641803316,-0.08937688031988937,0.1936941901669753,0.24587057269074628,0.23730337597609374,0.17837747291574768,-0.015985763111875884,0.0349102405425323,-0.04950788097809754,0.07169946405785918,-0.059316963752753644,-0.0599217864412353,-0.04950684001946749,-0.018078793787413377,0.22745468996770152,-0.004913774953700743,0.2506998838887579,0.07527737651668454,0.007279649091244607,0.07027140955749925,0.061679573987218114,-0.0052912902773955455,-0.07266234289960814,0.11822524749579884,-0.10082609731422536,0.205341213099302,0.23635205543349094,0.23298749538005126,0.15121108892125112,0.9940386350051547,0.27676987675925957,1.0,0.9776490074940004
Idle Min,-0.06335790273738684,-0.18429110124837716,0.7066618324334553,0.0693517967636253,0.06566807882520358,0.006271805436479989,0.05801595006570666,0.038604086373257,-0.08437264437833275,-0.0120211993512911,0.03862417078535528,0.17953933303471148,-0.11046390306583326,0.23524321807385615,0.1945404390068316,-0.01723399930170216,-0.05175307871594116,0.40064927438306935,0.626205659593801,0.7272554086992138,0.32332661990296363,0.6877287904851839,0.4283471543677493,0.6049792161920653,0.6973270923986891,0.3361622015424023,0.5370714639325048,0.4283212411809292,0.6477267548551712,0.7063523504499511,0.1508835041613494,0.033423415349856746,0.055750620974695214,0.06393998176349147,-0.045084832557812274,-0.04512885334742666,-0.08618547910208993,0.18087137192448863,0.22870625386916815,0.2217983751320157,0.1677493146232254,-0.015469726979433917,0.033423415349856746,-0.04920459187914984,0.06318471145892987,-0.056617699608485554,-0.06087154582856747,-0.04920360166541491,-0.027195802163921565,0.21116173106624958,-0.0120211993512911,0.23524321807385615,0.0693517967636253,0.006271805436479989,0.06566807882520358,0.05801595006570666,-0.003930681358287724,-0.07098345830795297,0.10514895693007938,-0.10450229081760312,0.1692017255738141,0.19594760267636735,0.19307792874592286,0.1247646704228276,0.9943017600278906,0.07196044440400115,0.9776490074940004,1.0
